"a-size-medium-plus","a-size-base","a-link-normal href","s-image src","puis-label-popover href","a-color-secondary","a-color-base","puis","a-link-normal href 2","a-link-normal","a-link-normal href 3","a-size-small","a-popover-trigger href","a-icon-alt","a-link-normal href 4","a-size-mini","a-size-base 2","aok-offscreen","a-link-normal href 5","a-offscreen","a-price-symbol","a-price-whole","a-price-decimal","a-price-fraction","a-column","a-text-bold","a-size-small 2","a-link-normal href 6","s-image src 2","a-size-base 3","a-size-base 4","a-size-base 5","a-size-small 3","a-link-normal href 7","a-size-base 6","aok-offscreen 2","a-size-base 7","a-link-normal href 8","a-button-text","a-offscreen 2","a-offscreen 3","a-price"
"Resultados","Consulta cada página del producto para ver otras opciones de compra.","","","","","","","","","","","","","","","","","","","","","","","","","","","","","","","","","","","","","","","",""
"Características de sostenibilidad","acer Aspire 14 AI Copilot+ PC | Pantalla WUXGA de 14 pulgadas | Procesador Intel Core Ultra 5 de 226 V | NPU: hasta 40 tops - GPU: hasta 53 tops | Intel ARC 130V | 16 GB LPDDR5X | SSD de 512 GB | Wi-Fi 6E | A14-52M-52M-5 1S1","https://www.amazon.com/-/es/sspa/click?ie=UTF8&spc=MTo2MTY4NDUzMjg3MzE3ODc5OjE3NzQxMjM0ODY6c3BfYXRmOjMwMTIwMzcyNjAwMTYwMjo6MDo6&url=%2Facer-Copilot-Pantalla-pulgadas-Procesador%2Fdp%2FB0DWNLN3KP%2Fref%3Dsr_1_1_sspa%3F__mk_es_US%3D%25C3%2585M%25C3%2585%25C5%25BD%25C3%2595%25C3%2591%26crid%3D3A1LPI65I0BKK%26dib%3DeyJ2IjoiMSJ9.V9NRDmz2C36jsRuK95wmkN8ahy7Vpqj-KIXayMiX99bWiWiqwgIzZvMIJz9xrrjq4fSBfLpv7rlop9AST3tToCaoXCdJd_jKtbxcGBbpTGeI0gancYE4DpUW4d5Umb5xzwytyoLPVGf9ICCv_GMSSMH1JW_-ocHAOHndiD6FdGbXQZ71CpRQLhDtL_B2girWfpM_XafvNPAZY37fv18BjUirmpw8sxcsJTpojUBopbo.WMDKTEYWLeuxs_lcU0n0a63HII0je2qytJVl4PjFg9o%26dib_tag%3Dse%26keywords%3Dlaptops%2Bbaratas%26qid%3D1774123485%26sprefix%3Dlaptops%2Bbaratas%252Caps%252C282%26sr%3D8-1-spons%26sp_csd%3Dd2lkZ2V0TmFtZT1zcF9hdGY%26psc%3D1","https://m.media-amazon.com/images/I/712S6q+GQjL._AC_UY218_.jpg","javascript:void(0)","Patrocinado","Patrocinado","Estás viendo este anuncio basado en la relevancia de productos para tu consulta de búsqueda.","https://www.amazon.com/s?k=laptops+baratas&__mk_es_US=%C3%85M%C3%85%C5%BD%C3%95%C3%91&crid=3A1LPI65I0BKK&sprefix=laptops+baratas%2Caps%2C282&ref=nb_sb_noss_1#","Deja un comentario sobre el anuncio","https://www.amazon.com/-/es/sspa/click?ie=UTF8&spc=MTo2MTY4NDUzMjg3MzE3ODc5OjE3NzQxMjM0ODY6c3BfYXRmOjMwMTIwMzcyNjAwMTYwMjo6MDo6&url=%2Facer-Copilot-Pantalla-pulgadas-Procesador%2Fdp%2FB0DWNLN3KP%2Fref%3Dsr_1_1_sspa%3F__mk_es_US%3D%25C3%2585M%25C3%2585%25C5%25BD%25C3%2595%25C3%2591%26crid%3D3A1LPI65I0BKK%26dib%3DeyJ2IjoiMSJ9.V9NRDmz2C36jsRuK95wmkN8ahy7Vpqj-KIXayMiX99bWiWiqwgIzZvMIJz9xrrjq4fSBfLpv7rlop9AST3tToCaoXCdJd_jKtbxcGBbpTGeI0gancYE4DpUW4d5Umb5xzwytyoLPVGf9ICCv_GMSSMH1JW_-ocHAOHndiD6FdGbXQZ71CpRQLhDtL_B2girWfpM_XafvNPAZY37fv18BjUirmpw8sxcsJTpojUBopbo.WMDKTEYWLeuxs_lcU0n0a63HII0je2qytJVl4PjFg9o%26dib_tag%3Dse%26keywords%3Dlaptops%2Bbaratas%26qid%3D1774123485%26sprefix%3Dlaptops%2Bbaratas%252Caps%252C282%26sr%3D8-1-spons%26sp_csd%3Dd2lkZ2V0TmFtZT1zcF9hdGY%26psc%3D1","4.3","javascript:void(0)","4.3 de 5 estrellas","https://www.amazon.com/-/es/sspa/click?ie=UTF8&spc=MTo2MTY4NDUzMjg3MzE3ODc5OjE3NzQxMjM0ODY6c3BfYXRmOjMwMTIwMzcyNjAwMTYwMjo6MDo6&url=%2Facer-Copilot-Pantalla-pulgadas-Procesador%2Fdp%2FB0DWNLN3KP%2Fref%3Dsr_1_1_sspa%3F__mk_es_US%3D%25C3%2585M%25C3%2585%25C5%25BD%25C3%2595%25C3%2591%26crid%3D3A1LPI65I0BKK%26dib%3DeyJ2IjoiMSJ9.V9NRDmz2C36jsRuK95wmkN8ahy7Vpqj-KIXayMiX99bWiWiqwgIzZvMIJz9xrrjq4fSBfLpv7rlop9AST3tToCaoXCdJd_jKtbxcGBbpTGeI0gancYE4DpUW4d5Umb5xzwytyoLPVGf9ICCv_GMSSMH1JW_-ocHAOHndiD6FdGbXQZ71CpRQLhDtL_B2girWfpM_XafvNPAZY37fv18BjUirmpw8sxcsJTpojUBopbo.WMDKTEYWLeuxs_lcU0n0a63HII0je2qytJVl4PjFg9o%26dib_tag%3Dse%26keywords%3Dlaptops%2Bbaratas%26qid%3D1774123485%26sprefix%3Dlaptops%2Bbaratas%252Caps%252C282%26sr%3D8-1-spons%26sp_csd%3Dd2lkZ2V0TmFtZT1zcF9hdGY%26psc%3D1#customerReviews","(123)","500+ comprados el mes pasado","Precio y página del producto","https://www.amazon.com/-/es/sspa/click?ie=UTF8&spc=MTo2MTY4NDUzMjg3MzE3ODc5OjE3NzQxMjM0ODY6c3BfYXRmOjMwMTIwMzcyNjAwMTYwMjo6MDo6&url=%2Facer-Copilot-Pantalla-pulgadas-Procesador%2Fdp%2FB0DWNLN3KP%2Fref%3Dsr_1_1_sspa%3F__mk_es_US%3D%25C3%2585M%25C3%2585%25C5%25BD%25C3%2595%25C3%2591%26crid%3D3A1LPI65I0BKK%26dib%3DeyJ2IjoiMSJ9.V9NRDmz2C36jsRuK95wmkN8ahy7Vpqj-KIXayMiX99bWiWiqwgIzZvMIJz9xrrjq4fSBfLpv7rlop9AST3tToCaoXCdJd_jKtbxcGBbpTGeI0gancYE4DpUW4d5Umb5xzwytyoLPVGf9ICCv_GMSSMH1JW_-ocHAOHndiD6FdGbXQZ71CpRQLhDtL_B2girWfpM_XafvNPAZY37fv18BjUirmpw8sxcsJTpojUBopbo.WMDKTEYWLeuxs_lcU0n0a63HII0je2qytJVl4PjFg9o%26dib_tag%3Dse%26keywords%3Dlaptops%2Bbaratas%26qid%3D1774123485%26sprefix%3Dlaptops%2Bbaratas%252Caps%252C282%26sr%3D8-1-spons%26sp_csd%3Dd2lkZ2V0TmFtZT1zcF9hdGY%26psc%3D1","US$499.99","US$","499",".","99","Entrega el","jue, 30 de abr","Se envía a Venezuela","javascript:void(0)","https://m.media-amazon.com/images/I/11++B3A2NEL._SS200_.png","Eficiencia energética","Este producto tiene características de sostenibilidad reconocidas por certificaciones confiables.","Ahorra energía en comparación con productos similares.","Como certificado por","https://www.amazon.com/s?k=laptops+baratas&__mk_es_US=%C3%85M%C3%85%C5%BD%C3%95%C3%91&crid=3A1LPI65I0BKK&sprefix=laptops+baratas%2Caps%2C282&ref=nb_sb_noss_1#","ENERGY STAR","Más información sobre ENERGY STAR","ENERGY STAR certifica productos de electrónica y electrodomésticos con base en especificaciones de eficiencia energética establecidas por la EPA estadounidense. El programa ENERGY STAR es administrado por la Agencia de Protección Ambiental de los Estados Unidos (EPA). La EPA establece especificaciones de eficiencia energética para que los fabricantes obtengan la etiqueta ENERGY STAR para sus productos.","https://www.amazon.com/-/es/climatepledgefriendly","Agregar al carrito","","",""
"Características de sostenibilidad","acer Aspire Go 15 AI Ready Laptop | Pantalla FHD IPS de 15.6 pulgadas | AMD Ryzen 3 7320U | Gráficos AMD Radeon 610M | 8 GB LPDDR5 | SSD PCIe de 128 GB | Wi-Fi 6 | Windows 11 Home en modo S | AG15","https://www.amazon.com/-/es/sspa/click?ie=UTF8&spc=MTo2MTY4NDUzMjg3MzE3ODc5OjE3NzQxMjM0ODY6c3BfYXRmOjMwMTIwMzcyNjAwMTQwMjo6MDo6&url=%2Facer-Pantalla-pulgadas-Gr%25C3%25A1ficos-Windows%2Fdp%2FB0FN9JLD28%2Fref%3Dsr_1_2_sspa%3F__mk_es_US%3D%25C3%2585M%25C3%2585%25C5%25BD%25C3%2595%25C3%2591%26crid%3D3A1LPI65I0BKK%26dib%3DeyJ2IjoiMSJ9.V9NRDmz2C36jsRuK95wmkN8ahy7Vpqj-KIXayMiX99bWiWiqwgIzZvMIJz9xrrjq4fSBfLpv7rlop9AST3tToCaoXCdJd_jKtbxcGBbpTGeI0gancYE4DpUW4d5Umb5xzwytyoLPVGf9ICCv_GMSSMH1JW_-ocHAOHndiD6FdGbXQZ71CpRQLhDtL_B2girWfpM_XafvNPAZY37fv18BjUirmpw8sxcsJTpojUBopbo.WMDKTEYWLeuxs_lcU0n0a63HII0je2qytJVl4PjFg9o%26dib_tag%3Dse%26keywords%3Dlaptops%2Bbaratas%26qid%3D1774123485%26sprefix%3Dlaptops%2Bbaratas%252Caps%252C282%26sr%3D8-2-spons%26sp_csd%3Dd2lkZ2V0TmFtZT1zcF9hdGY%26psc%3D1","https://m.media-amazon.com/images/I/71KdVuqcf+L._AC_UY218_.jpg","javascript:void(0)","Patrocinado","Patrocinado","Estás viendo este anuncio basado en la relevancia de productos para tu consulta de búsqueda.","https://www.amazon.com/s?k=laptops+baratas&__mk_es_US=%C3%85M%C3%85%C5%BD%C3%95%C3%91&crid=3A1LPI65I0BKK&sprefix=laptops+baratas%2Caps%2C282&ref=nb_sb_noss_1#","Deja un comentario sobre el anuncio","https://www.amazon.com/-/es/sspa/click?ie=UTF8&spc=MTo2MTY4NDUzMjg3MzE3ODc5OjE3NzQxMjM0ODY6c3BfYXRmOjMwMTIwMzcyNjAwMTQwMjo6MDo6&url=%2Facer-Pantalla-pulgadas-Gr%25C3%25A1ficos-Windows%2Fdp%2FB0FN9JLD28%2Fref%3Dsr_1_2_sspa%3F__mk_es_US%3D%25C3%2585M%25C3%2585%25C5%25BD%25C3%2595%25C3%2591%26crid%3D3A1LPI65I0BKK%26dib%3DeyJ2IjoiMSJ9.V9NRDmz2C36jsRuK95wmkN8ahy7Vpqj-KIXayMiX99bWiWiqwgIzZvMIJz9xrrjq4fSBfLpv7rlop9AST3tToCaoXCdJd_jKtbxcGBbpTGeI0gancYE4DpUW4d5Umb5xzwytyoLPVGf9ICCv_GMSSMH1JW_-ocHAOHndiD6FdGbXQZ71CpRQLhDtL_B2girWfpM_XafvNPAZY37fv18BjUirmpw8sxcsJTpojUBopbo.WMDKTEYWLeuxs_lcU0n0a63HII0je2qytJVl4PjFg9o%26dib_tag%3Dse%26keywords%3Dlaptops%2Bbaratas%26qid%3D1774123485%26sprefix%3Dlaptops%2Bbaratas%252Caps%252C282%26sr%3D8-2-spons%26sp_csd%3Dd2lkZ2V0TmFtZT1zcF9hdGY%26psc%3D1","4.3","javascript:void(0)","4.3 de 5 estrellas","https://www.amazon.com/-/es/sspa/click?ie=UTF8&spc=MTo2MTY4NDUzMjg3MzE3ODc5OjE3NzQxMjM0ODY6c3BfYXRmOjMwMTIwMzcyNjAwMTQwMjo6MDo6&url=%2Facer-Pantalla-pulgadas-Gr%25C3%25A1ficos-Windows%2Fdp%2FB0FN9JLD28%2Fref%3Dsr_1_2_sspa%3F__mk_es_US%3D%25C3%2585M%25C3%2585%25C5%25BD%25C3%2595%25C3%2591%26crid%3D3A1LPI65I0BKK%26dib%3DeyJ2IjoiMSJ9.V9NRDmz2C36jsRuK95wmkN8ahy7Vpqj-KIXayMiX99bWiWiqwgIzZvMIJz9xrrjq4fSBfLpv7rlop9AST3tToCaoXCdJd_jKtbxcGBbpTGeI0gancYE4DpUW4d5Umb5xzwytyoLPVGf9ICCv_GMSSMH1JW_-ocHAOHndiD6FdGbXQZ71CpRQLhDtL_B2girWfpM_XafvNPAZY37fv18BjUirmpw8sxcsJTpojUBopbo.WMDKTEYWLeuxs_lcU0n0a63HII0je2qytJVl4PjFg9o%26dib_tag%3Dse%26keywords%3Dlaptops%2Bbaratas%26qid%3D1774123485%26sprefix%3Dlaptops%2Bbaratas%252Caps%252C282%26sr%3D8-2-spons%26sp_csd%3Dd2lkZ2V0TmFtZT1zcF9hdGY%26psc%3D1#customerReviews","(50)","400+ comprados el mes pasado","Precio y página del producto","https://www.amazon.com/-/es/sspa/click?ie=UTF8&spc=MTo2MTY4NDUzMjg3MzE3ODc5OjE3NzQxMjM0ODY6c3BfYXRmOjMwMTIwMzcyNjAwMTQwMjo6MDo6&url=%2Facer-Pantalla-pulgadas-Gr%25C3%25A1ficos-Windows%2Fdp%2FB0FN9JLD28%2Fref%3Dsr_1_2_sspa%3F__mk_es_US%3D%25C3%2585M%25C3%2585%25C5%25BD%25C3%2595%25C3%2591%26crid%3D3A1LPI65I0BKK%26dib%3DeyJ2IjoiMSJ9.V9NRDmz2C36jsRuK95wmkN8ahy7Vpqj-KIXayMiX99bWiWiqwgIzZvMIJz9xrrjq4fSBfLpv7rlop9AST3tToCaoXCdJd_jKtbxcGBbpTGeI0gancYE4DpUW4d5Umb5xzwytyoLPVGf9ICCv_GMSSMH1JW_-ocHAOHndiD6FdGbXQZ71CpRQLhDtL_B2girWfpM_XafvNPAZY37fv18BjUirmpw8sxcsJTpojUBopbo.WMDKTEYWLeuxs_lcU0n0a63HII0je2qytJVl4PjFg9o%26dib_tag%3Dse%26keywords%3Dlaptops%2Bbaratas%26qid%3D1774123485%26sprefix%3Dlaptops%2Bbaratas%252Caps%252C282%26sr%3D8-2-spons%26sp_csd%3Dd2lkZ2V0TmFtZT1zcF9hdGY%26psc%3D1","US$299.99","US$","299",".","99","Entrega el","jue, 30 de abr","Se envía a Venezuela","javascript:void(0)","https://m.media-amazon.com/images/I/11++B3A2NEL._SS200_.png","PVPR:","Eficiencia energética","Este producto tiene características de sostenibilidad reconocidas por certificaciones confiables.","Como certificado por","https://www.amazon.com/s?k=laptops+baratas&__mk_es_US=%C3%85M%C3%85%C5%BD%C3%95%C3%91&crid=3A1LPI65I0BKK&sprefix=laptops+baratas%2Caps%2C282&ref=nb_sb_noss_1#","Ahorra energía en comparación con productos similares.","Más información sobre ENERGY STAR","ENERGY STAR","https://www.amazon.com/-/es/climatepledgefriendly","Agregar al carrito","PVPR: US$329.99","US$329.99","US$329.99"
"","Coolby Portátil de 15.6 pulgadas, 12 GB de RAM/256 GB SSD, pantalla IPS de 1920 x 1080, Intel N95 (Beats N5095) Computadora portátil de cuatro núcleos, compatible con huellas dactilares, WiFi 5, BT","https://www.amazon.com/-/es/Coolby-Port%C3%A1til-Computadora-compatible-dactilares/dp/B0CRR6YQ6N/ref=sr_1_3?__mk_es_US=%C3%85M%C3%85%C5%BD%C3%95%C3%91&crid=3A1LPI65I0BKK&dib=eyJ2IjoiMSJ9.V9NRDmz2C36jsRuK95wmkN8ahy7Vpqj-KIXayMiX99bWiWiqwgIzZvMIJz9xrrjq4fSBfLpv7rlop9AST3tToCaoXCdJd_jKtbxcGBbpTGeI0gancYE4DpUW4d5Umb5xzwytyoLPVGf9ICCv_GMSSMH1JW_-ocHAOHndiD6FdGbXQZ71CpRQLhDtL_B2girWfpM_XafvNPAZY37fv18BjUirmpw8sxcsJTpojUBopbo.WMDKTEYWLeuxs_lcU0n0a63HII0je2qytJVl4PjFg9o&dib_tag=se&keywords=laptops+baratas&qid=1774123485&sprefix=laptops+baratas%2Caps%2C282&sr=8-3","https://m.media-amazon.com/images/I/71mRF1J4y1L._AC_UY218_.jpg","","","","","https://www.amazon.com/-/es/Coolby-Port%C3%A1til-Computadora-compatible-dactilares/dp/B0CRR6YQ6N/ref=sr_1_3?__mk_es_US=%C3%85M%C3%85%C5%BD%C3%95%C3%91&crid=3A1LPI65I0BKK&dib=eyJ2IjoiMSJ9.V9NRDmz2C36jsRuK95wmkN8ahy7Vpqj-KIXayMiX99bWiWiqwgIzZvMIJz9xrrjq4fSBfLpv7rlop9AST3tToCaoXCdJd_jKtbxcGBbpTGeI0gancYE4DpUW4d5Umb5xzwytyoLPVGf9ICCv_GMSSMH1JW_-ocHAOHndiD6FdGbXQZ71CpRQLhDtL_B2girWfpM_XafvNPAZY37fv18BjUirmpw8sxcsJTpojUBopbo.WMDKTEYWLeuxs_lcU0n0a63HII0je2qytJVl4PjFg9o&dib_tag=se&keywords=laptops+baratas&qid=1774123485&sprefix=laptops+baratas%2Caps%2C282&sr=8-3","","https://www.amazon.com/-/es/Coolby-Port%C3%A1til-Computadora-compatible-dactilares/dp/B0CRR6YQ6N/ref=sr_1_3?__mk_es_US=%C3%85M%C3%85%C5%BD%C3%95%C3%91&crid=3A1LPI65I0BKK&dib=eyJ2IjoiMSJ9.V9NRDmz2C36jsRuK95wmkN8ahy7Vpqj-KIXayMiX99bWiWiqwgIzZvMIJz9xrrjq4fSBfLpv7rlop9AST3tToCaoXCdJd_jKtbxcGBbpTGeI0gancYE4DpUW4d5Umb5xzwytyoLPVGf9ICCv_GMSSMH1JW_-ocHAOHndiD6FdGbXQZ71CpRQLhDtL_B2girWfpM_XafvNPAZY37fv18BjUirmpw8sxcsJTpojUBopbo.WMDKTEYWLeuxs_lcU0n0a63HII0je2qytJVl4PjFg9o&dib_tag=se&keywords=laptops+baratas&qid=1774123485&sprefix=laptops+baratas%2Caps%2C282&sr=8-3#customerReviews","4.4","javascript:void(0)","4.4 de 5 estrellas","https://www.amazon.com/-/es/Coolby-Port%C3%A1til-Computadora-compatible-dactilares/dp/B0CRR6YQ6N/ref=sr_1_3?__mk_es_US=%C3%85M%C3%85%C5%BD%C3%95%C3%91&crid=3A1LPI65I0BKK&dib=eyJ2IjoiMSJ9.V9NRDmz2C36jsRuK95wmkN8ahy7Vpqj-KIXayMiX99bWiWiqwgIzZvMIJz9xrrjq4fSBfLpv7rlop9AST3tToCaoXCdJd_jKtbxcGBbpTGeI0gancYE4DpUW4d5Umb5xzwytyoLPVGf9ICCv_GMSSMH1JW_-ocHAOHndiD6FdGbXQZ71CpRQLhDtL_B2girWfpM_XafvNPAZY37fv18BjUirmpw8sxcsJTpojUBopbo.WMDKTEYWLeuxs_lcU0n0a63HII0je2qytJVl4PjFg9o&dib_tag=se&keywords=laptops+baratas&qid=1774123485&sprefix=laptops+baratas%2Caps%2C282&sr=8-3","(342)","300+ comprados el mes pasado","Precio y página del producto","","US$259.00","US$","259",".","00","Entrega el","jue, 30 de abr","Se envía a Venezuela","","","","","","","","","","","","Agregar al carrito","","",""
"","Laptop HP Stream 14"" HD, procesador Intel N150, 4 GB RAM, 128 GB UFS, gráficos Intel, webcam, Wi-Fi 6, Copilot, carga rápida, Windows 11, plateado (renovado)","https://www.amazon.com/-/es/HP-Stream-procesador-gr%C3%A1ficos-plateado/dp/B0G2WT12HL/ref=sr_1_4?__mk_es_US=%C3%85M%C3%85%C5%BD%C3%95%C3%91&crid=3A1LPI65I0BKK&dib=eyJ2IjoiMSJ9.V9NRDmz2C36jsRuK95wmkN8ahy7Vpqj-KIXayMiX99bWiWiqwgIzZvMIJz9xrrjq4fSBfLpv7rlop9AST3tToCaoXCdJd_jKtbxcGBbpTGeI0gancYE4DpUW4d5Umb5xzwytyoLPVGf9ICCv_GMSSMH1JW_-ocHAOHndiD6FdGbXQZ71CpRQLhDtL_B2girWfpM_XafvNPAZY37fv18BjUirmpw8sxcsJTpojUBopbo.WMDKTEYWLeuxs_lcU0n0a63HII0je2qytJVl4PjFg9o&dib_tag=se&keywords=laptops+baratas&qid=1774123485&sprefix=laptops+baratas%2Caps%2C282&sr=8-4","https://m.media-amazon.com/images/I/71V9Q6KfAIL._AC_UY218_.jpg","","","","","https://www.amazon.com/-/es/HP-Stream-procesador-gr%C3%A1ficos-plateado/dp/B0G2WT12HL/ref=sr_1_4?__mk_es_US=%C3%85M%C3%85%C5%BD%C3%95%C3%91&crid=3A1LPI65I0BKK&dib=eyJ2IjoiMSJ9.V9NRDmz2C36jsRuK95wmkN8ahy7Vpqj-KIXayMiX99bWiWiqwgIzZvMIJz9xrrjq4fSBfLpv7rlop9AST3tToCaoXCdJd_jKtbxcGBbpTGeI0gancYE4DpUW4d5Umb5xzwytyoLPVGf9ICCv_GMSSMH1JW_-ocHAOHndiD6FdGbXQZ71CpRQLhDtL_B2girWfpM_XafvNPAZY37fv18BjUirmpw8sxcsJTpojUBopbo.WMDKTEYWLeuxs_lcU0n0a63HII0je2qytJVl4PjFg9o&dib_tag=se&keywords=laptops+baratas&qid=1774123485&sprefix=laptops+baratas%2Caps%2C282&sr=8-4","","https://www.amazon.com/-/es/HP-Stream-procesador-gr%C3%A1ficos-plateado/dp/B0G2WT12HL/ref=sr_1_4?__mk_es_US=%C3%85M%C3%85%C5%BD%C3%95%C3%91&crid=3A1LPI65I0BKK&dib=eyJ2IjoiMSJ9.V9NRDmz2C36jsRuK95wmkN8ahy7Vpqj-KIXayMiX99bWiWiqwgIzZvMIJz9xrrjq4fSBfLpv7rlop9AST3tToCaoXCdJd_jKtbxcGBbpTGeI0gancYE4DpUW4d5Umb5xzwytyoLPVGf9ICCv_GMSSMH1JW_-ocHAOHndiD6FdGbXQZ71CpRQLhDtL_B2girWfpM_XafvNPAZY37fv18BjUirmpw8sxcsJTpojUBopbo.WMDKTEYWLeuxs_lcU0n0a63HII0je2qytJVl4PjFg9o&dib_tag=se&keywords=laptops+baratas&qid=1774123485&sprefix=laptops+baratas%2Caps%2C282&sr=8-4#customerReviews","4.2","javascript:void(0)","4.2 de 5 estrellas","","(47)","100+ comprados el mes pasado","","","","","","","","","","","","","","","","","","","","","","","","",""
"Los clientes vieron con frecuencia","Phatom Computadoras portátiles FHD de 15.6"", compatibles con Windows 11, Pentium Gold (Beats Pentium, Celeron), ventilador de refrigeración, 4 GB de RAM, 128 GB SSD, hasta 2 TB, HDMI, para negocios, estudiantes","https://www.amazon.com/s?k=laptops+baratas&__mk_es_US=%C3%85M%C3%85%C5%BD%C3%95%C3%91&crid=3A1LPI65I0BKK&sprefix=laptops+baratas%2Caps%2C282&ref=nb_sb_noss_1#","https://m.media-amazon.com/images/I/71CaJNgo8TL._AC_UL320_.jpg","","","","","https://www.amazon.com/-/es/sspa/click?ie=UTF8&spc=MTo4MDYyNzAwNTUwMDMxNTYzOjE3NzQxMjM0ODY6c3Bfc2VhcmNoX3RoZW1hdGljOjMwMTE0NjI0Njc2OTMwMjo6MDo6&url=%2FPhatom-Computadoras-compatibles-refrigeraci%25C3%25B3n-estudiantes%2Fdp%2FB0FS1V6XZD%2Fref%3Dsxin_17_pa_sp_search_thematic_sspa%3F__mk_es_US%3D%25C3%2585M%25C3%2585%25C5%25BD%25C3%2595%25C3%2591%26content-id%3Damzn1.sym.141f5c48-2844-433f-b731-f8ecc97a5095%253Aamzn1.sym.141f5c48-2844-433f-b731-f8ecc97a5095%26crid%3D3A1LPI65I0BKK%26cv_ct_cx%3Dcheap%2Blaptops%26keywords%3Dlaptops%2Bbaratas%26pd_rd_i%3DB0FS1V6XZD%26pd_rd_r%3Dea4ad2c5-e5d5-47fa-afa1-19e5771c97ca%26pd_rd_w%3DSzWaL%26pd_rd_wg%3D5Rm7a%26pf_rd_p%3D141f5c48-2844-433f-b731-f8ecc97a5095%26pf_rd_r%3DEPD4W7EK5T5NC54GZN5E%26qid%3D1774123485%26sbo%3DRZvfv%252F%252FHxDF%252BO5021pAnSA%253D%253D%26sprefix%3Dlaptops%2Bbaratas%252Caps%252C282%26sr%3D1-1-6024b2a3-78e4-4fed-8fed-e1613be3bcce-spons%26aref%3D1SEB636W8L%26sp_csd%3Dd2lkZ2V0TmFtZT1zcF9zZWFyY2hfdGhlbWF0aWM%26psc%3D1&aref=1SEB636W8L","Patrocinado","https://www.amazon.com/-/es/sspa/click?ie=UTF8&spc=MTo4MDYyNzAwNTUwMDMxNTYzOjE3NzQxMjM0ODY6c3Bfc2VhcmNoX3RoZW1hdGljOjMwMTE0NjI0Njc2OTMwMjo6MDo6&url=%2FPhatom-Computadoras-compatibles-refrigeraci%25C3%25B3n-estudiantes%2Fdp%2FB0FS1V6XZD%2Fref%3Dsxin_17_pa_sp_search_thematic_sspa%3F__mk_es_US%3D%25C3%2585M%25C3%2585%25C5%25BD%25C3%2595%25C3%2591%26content-id%3Damzn1.sym.141f5c48-2844-433f-b731-f8ecc97a5095%253Aamzn1.sym.141f5c48-2844-433f-b731-f8ecc97a5095%26crid%3D3A1LPI65I0BKK%26cv_ct_cx%3Dcheap%2Blaptops%26keywords%3Dlaptops%2Bbaratas%26pd_rd_i%3DB0FS1V6XZD%26pd_rd_r%3Dea4ad2c5-e5d5-47fa-afa1-19e5771c97ca%26pd_rd_w%3DSzWaL%26pd_rd_wg%3D5Rm7a%26pf_rd_p%3D141f5c48-2844-433f-b731-f8ecc97a5095%26pf_rd_r%3DEPD4W7EK5T5NC54GZN5E%26qid%3D1774123485%26sbo%3DRZvfv%252F%252FHxDF%252BO5021pAnSA%253D%253D%26sprefix%3Dlaptops%2Bbaratas%252Caps%252C282%26sr%3D1-1-6024b2a3-78e4-4fed-8fed-e1613be3bcce-spons%26aref%3D1SEB636W8L%26sp_csd%3Dd2lkZ2V0TmFtZT1zcF9zZWFyY2hfdGhlbWF0aWM%26psc%3D1&aref=1SEB636W8L","4.5","javascript:void(0)","4.5 de 5 estrellas","https://www.amazon.com/-/es/sspa/click?ie=UTF8&spc=MTo4MDYyNzAwNTUwMDMxNTYzOjE3NzQxMjM0ODY6c3Bfc2VhcmNoX3RoZW1hdGljOjMwMTE0NjI0Njc2OTMwMjo6MDo6&url=%2FPhatom-Computadoras-compatibles-refrigeraci%25C3%25B3n-estudiantes%2Fdp%2FB0FS1V6XZD%2Fref%3Dsxin_17_pa_sp_search_thematic_sspa%3F__mk_es_US%3D%25C3%2585M%25C3%2585%25C5%25BD%25C3%2595%25C3%2591%26content-id%3Damzn1.sym.141f5c48-2844-433f-b731-f8ecc97a5095%253Aamzn1.sym.141f5c48-2844-433f-b731-f8ecc97a5095%26crid%3D3A1LPI65I0BKK%26cv_ct_cx%3Dcheap%2Blaptops%26keywords%3Dlaptops%2Bbaratas%26pd_rd_i%3DB0FS1V6XZD%26pd_rd_r%3Dea4ad2c5-e5d5-47fa-afa1-19e5771c97ca%26pd_rd_w%3DSzWaL%26pd_rd_wg%3D5Rm7a%26pf_rd_p%3D141f5c48-2844-433f-b731-f8ecc97a5095%26pf_rd_r%3DEPD4W7EK5T5NC54GZN5E%26qid%3D1774123485%26sbo%3DRZvfv%252F%252FHxDF%252BO5021pAnSA%253D%253D%26sprefix%3Dlaptops%2Bbaratas%252Caps%252C282%26sr%3D1-1-6024b2a3-78e4-4fed-8fed-e1613be3bcce-spons%26aref%3D1SEB636W8L%26sp_csd%3Dd2lkZ2V0TmFtZT1zcF9zZWFyY2hfdGhlbWF0aWM%26psc%3D1&aref=1SEB636W8L#customerReviews","(76)","400+ comprados el mes pasado","Precio y página del producto","https://www.amazon.com/-/es/sspa/click?ie=UTF8&spc=MTo4MDYyNzAwNTUwMDMxNTYzOjE3NzQxMjM0ODY6c3Bfc2VhcmNoX3RoZW1hdGljOjMwMTE0NjI0Njc2OTMwMjo6MDo6&url=%2FPhatom-Computadoras-compatibles-refrigeraci%25C3%25B3n-estudiantes%2Fdp%2FB0FS1V6XZD%2Fref%3Dsxin_17_pa_sp_search_thematic_sspa%3F__mk_es_US%3D%25C3%2585M%25C3%2585%25C5%25BD%25C3%2595%25C3%2591%26content-id%3Damzn1.sym.141f5c48-2844-433f-b731-f8ecc97a5095%253Aamzn1.sym.141f5c48-2844-433f-b731-f8ecc97a5095%26crid%3D3A1LPI65I0BKK%26cv_ct_cx%3Dcheap%2Blaptops%26keywords%3Dlaptops%2Bbaratas%26pd_rd_i%3DB0FS1V6XZD%26pd_rd_r%3Dea4ad2c5-e5d5-47fa-afa1-19e5771c97ca%26pd_rd_w%3DSzWaL%26pd_rd_wg%3D5Rm7a%26pf_rd_p%3D141f5c48-2844-433f-b731-f8ecc97a5095%26pf_rd_r%3DEPD4W7EK5T5NC54GZN5E%26qid%3D1774123485%26sbo%3DRZvfv%252F%252FHxDF%252BO5021pAnSA%253D%253D%26sprefix%3Dlaptops%2Bbaratas%252Caps%252C282%26sr%3D1-1-6024b2a3-78e4-4fed-8fed-e1613be3bcce-spons%26aref%3D1SEB636W8L%26sp_csd%3Dd2lkZ2V0TmFtZT1zcF9zZWFyY2hfdGhlbWF0aWM%26psc%3D1&aref=1SEB636W8L","US$199.99","US$","199",".","99","Entrega el","jue, 30 de abr","4.1","https://www.amazon.com/-/es/sspa/click?ie=UTF8&spc=MTo4MDYyNzAwNTUwMDMxNTYzOjE3NzQxMjM0ODY6c3Bfc2VhcmNoX3RoZW1hdGljOjMwMDk3MjQ5ODk4MTUwMjo6MTo6&url=%2FUOWAMOU-IPS-FHD-Laptop-computadora-m%25C3%25BAltiples-estudiante-hogar%2Fdp%2FB0FM6W46QH%2Fref%3Dsxin_17_pa_sp_search_thematic_sspa%3F__mk_es_US%3D%25C3%2585M%25C3%2585%25C5%25BD%25C3%2595%25C3%2591%26content-id%3Damzn1.sym.141f5c48-2844-433f-b731-f8ecc97a5095%253Aamzn1.sym.141f5c48-2844-433f-b731-f8ecc97a5095%26crid%3D3A1LPI65I0BKK%26cv_ct_cx%3Dcheap%2Blaptops%26keywords%3Dlaptops%2Bbaratas%26pd_rd_i%3DB0FM6W46QH%26pd_rd_r%3Dea4ad2c5-e5d5-47fa-afa1-19e5771c97ca%26pd_rd_w%3DSzWaL%26pd_rd_wg%3D5Rm7a%26pf_rd_p%3D141f5c48-2844-433f-b731-f8ecc97a5095%26pf_rd_r%3DEPD4W7EK5T5NC54GZN5E%26qid%3D1774123485%26sbo%3DRZvfv%252F%252FHxDF%252BO5021pAnSA%253D%253D%26sprefix%3Dlaptops%2Bbaratas%252Caps%252C282%26sr%3D1-2-6024b2a3-78e4-4fed-8fed-e1613be3bcce-spons%26aref%3DO4LEYx6R7L%26sp_csd%3Dd2lkZ2V0TmFtZT1zcF9zZWFyY2hfdGhlbWF0aWM%26psc%3D1&aref=O4LEYx6R7L","https://m.media-amazon.com/images/I/711-MhlDi1L._AC_UL320_.jpg","PVPR:","15.6 IPS-FHD-Laptop, 32GB RAM 512GB SSD 6500Y (hasta 3.4GHz), computadora ligera con múltiples puertos para WiFi 5 BT5.0 para estudiante-hogar","Portátil de 15.6 pulgadas, portátiles con Celeron N4000, portátil de juegos 2025 para 8GB LPDDR4 256GB SSD, IPS FHD 1920x1080, WiFi+BT4.2+Mini HDMI+ranura para tarjeta TF, portátiles tradicionales","4.0","https://www.amazon.com/-/es/sspa/click?ie=UTF8&spc=MTo4MDYyNzAwNTUwMDMxNTYzOjE3NzQxMjM0ODY6c3Bfc2VhcmNoX3RoZW1hdGljOjMwMDk3MjQ5ODk4MTUwMjo6MTo6&url=%2FUOWAMOU-IPS-FHD-Laptop-computadora-m%25C3%25BAltiples-estudiante-hogar%2Fdp%2FB0FM6W46QH%2Fref%3Dsxin_17_pa_sp_search_thematic_sspa%3F__mk_es_US%3D%25C3%2585M%25C3%2585%25C5%25BD%25C3%2595%25C3%2591%26content-id%3Damzn1.sym.141f5c48-2844-433f-b731-f8ecc97a5095%253Aamzn1.sym.141f5c48-2844-433f-b731-f8ecc97a5095%26crid%3D3A1LPI65I0BKK%26cv_ct_cx%3Dcheap%2Blaptops%26keywords%3Dlaptops%2Bbaratas%26pd_rd_i%3DB0FM6W46QH%26pd_rd_r%3Dea4ad2c5-e5d5-47fa-afa1-19e5771c97ca%26pd_rd_w%3DSzWaL%26pd_rd_wg%3D5Rm7a%26pf_rd_p%3D141f5c48-2844-433f-b731-f8ecc97a5095%26pf_rd_r%3DEPD4W7EK5T5NC54GZN5E%26qid%3D1774123485%26sbo%3DRZvfv%252F%252FHxDF%252BO5021pAnSA%253D%253D%26sprefix%3Dlaptops%2Bbaratas%252Caps%252C282%26sr%3D1-2-6024b2a3-78e4-4fed-8fed-e1613be3bcce-spons%26aref%3DO4LEYx6R7L%26sp_csd%3Dd2lkZ2V0TmFtZT1zcF9zZWFyY2hfdGhlbWF0aWM%26psc%3D1&aref=O4LEYx6R7L","100+ comprados el mes pasado","Precio y página del producto","15.6 pulgadas, 16 GB de RAM, SSD de 512 GB, computadora portátil con pantalla FHD IPS, N5095 Quad Core, WiFi 2.4/5G, retroiluminación BT4.2 y huellas dactilares, ligero y portátil","https://www.amazon.com/-/es/sspa/click?ie=UTF8&spc=MTo4MDYyNzAwNTUwMDMxNTYzOjE3NzQxMjM0ODY6c3Bfc2VhcmNoX3RoZW1hdGljOjMwMDk3MjQ5ODk4MTUwMjo6MTo6&url=%2FUOWAMOU-IPS-FHD-Laptop-computadora-m%25C3%25BAltiples-estudiante-hogar%2Fdp%2FB0FM6W46QH%2Fref%3Dsxin_17_pa_sp_search_thematic_sspa%3F__mk_es_US%3D%25C3%2585M%25C3%2585%25C5%25BD%25C3%2595%25C3%2591%26content-id%3Damzn1.sym.141f5c48-2844-433f-b731-f8ecc97a5095%253Aamzn1.sym.141f5c48-2844-433f-b731-f8ecc97a5095%26crid%3D3A1LPI65I0BKK%26cv_ct_cx%3Dcheap%2Blaptops%26keywords%3Dlaptops%2Bbaratas%26pd_rd_i%3DB0FM6W46QH%26pd_rd_r%3Dea4ad2c5-e5d5-47fa-afa1-19e5771c97ca%26pd_rd_w%3DSzWaL%26pd_rd_wg%3D5Rm7a%26pf_rd_p%3D141f5c48-2844-433f-b731-f8ecc97a5095%26pf_rd_r%3DEPD4W7EK5T5NC54GZN5E%26qid%3D1774123485%26sbo%3DRZvfv%252F%252FHxDF%252BO5021pAnSA%253D%253D%26sprefix%3Dlaptops%2Bbaratas%252Caps%252C282%26sr%3D1-2-6024b2a3-78e4-4fed-8fed-e1613be3bcce-spons%26aref%3DO4LEYx6R7L%26sp_csd%3Dd2lkZ2V0TmFtZT1zcF9zZWFyY2hfdGhlbWF0aWM%26psc%3D1&aref=O4LEYx6R7L#customerReviews","Agregar al carrito","PVPR: US$239.00","US$239.00","US$239.00"
"Más resultados","","","","","","","","","","","","","","","","","","","","","","","","","","","","","","","","","","","","","","","","",""
"","Laptop para juegos de 15.6 pulgadas i5-7Y54 (hasta 3.20 GHz), computadora portátil de negocios para 16 GB RAM 1TB SSD, pantalla Full HD 1920X1080, teclado retroiluminado de apertura de ángulo de 180","https://www.amazon.com/-/es/sspa/click?ie=UTF8&spc=MTo2MTY4NDUzMjg3MzE3ODc5OjE3NzQxMjM0ODY6c3BfbXRmOjMwMTE2MjExMjI1NzUwMjo6MDo6&url=%2Fpulgadas-computadora-port%25C3%25A1til-1920X1080-retroiluminado%2Fdp%2FB0FZV7STQ6%2Fref%3Dsr_1_5_sspa%3F__mk_es_US%3D%25C3%2585M%25C3%2585%25C5%25BD%25C3%2595%25C3%2591%26crid%3D3A1LPI65I0BKK%26dib%3DeyJ2IjoiMSJ9.V9NRDmz2C36jsRuK95wmkN8ahy7Vpqj-KIXayMiX99bWiWiqwgIzZvMIJz9xrrjq4fSBfLpv7rlop9AST3tToCaoXCdJd_jKtbxcGBbpTGeI0gancYE4DpUW4d5Umb5xzwytyoLPVGf9ICCv_GMSSMH1JW_-ocHAOHndiD6FdGbXQZ71CpRQLhDtL_B2girWfpM_XafvNPAZY37fv18BjUirmpw8sxcsJTpojUBopbo.WMDKTEYWLeuxs_lcU0n0a63HII0je2qytJVl4PjFg9o%26dib_tag%3Dse%26keywords%3Dlaptops%2Bbaratas%26qid%3D1774123485%26sprefix%3Dlaptops%2Bbaratas%252Caps%252C282%26sr%3D8-5-spons%26sp_csd%3Dd2lkZ2V0TmFtZT1zcF9tdGY%26psc%3D1","https://m.media-amazon.com/images/I/71uayJxb4HL._AC_UY218_.jpg","javascript:void(0)","Patrocinado","Patrocinado","Estás viendo este anuncio basado en la relevancia de productos para tu consulta de búsqueda.","https://www.amazon.com/s?k=laptops+baratas&__mk_es_US=%C3%85M%C3%85%C5%BD%C3%95%C3%91&crid=3A1LPI65I0BKK&sprefix=laptops+baratas%2Caps%2C282&ref=nb_sb_noss_1#","Deja un comentario sobre el anuncio","https://www.amazon.com/-/es/sspa/click?ie=UTF8&spc=MTo2MTY4NDUzMjg3MzE3ODc5OjE3NzQxMjM0ODY6c3BfbXRmOjMwMTE2MjExMjI1NzUwMjo6MDo6&url=%2Fpulgadas-computadora-port%25C3%25A1til-1920X1080-retroiluminado%2Fdp%2FB0FZV7STQ6%2Fref%3Dsr_1_5_sspa%3F__mk_es_US%3D%25C3%2585M%25C3%2585%25C5%25BD%25C3%2595%25C3%2591%26crid%3D3A1LPI65I0BKK%26dib%3DeyJ2IjoiMSJ9.V9NRDmz2C36jsRuK95wmkN8ahy7Vpqj-KIXayMiX99bWiWiqwgIzZvMIJz9xrrjq4fSBfLpv7rlop9AST3tToCaoXCdJd_jKtbxcGBbpTGeI0gancYE4DpUW4d5Umb5xzwytyoLPVGf9ICCv_GMSSMH1JW_-ocHAOHndiD6FdGbXQZ71CpRQLhDtL_B2girWfpM_XafvNPAZY37fv18BjUirmpw8sxcsJTpojUBopbo.WMDKTEYWLeuxs_lcU0n0a63HII0je2qytJVl4PjFg9o%26dib_tag%3Dse%26keywords%3Dlaptops%2Bbaratas%26qid%3D1774123485%26sprefix%3Dlaptops%2Bbaratas%252Caps%252C282%26sr%3D8-5-spons%26sp_csd%3Dd2lkZ2V0TmFtZT1zcF9tdGY%26psc%3D1","4.8","javascript:void(0)","4.8 de 5 estrellas","https://www.amazon.com/-/es/sspa/click?ie=UTF8&spc=MTo2MTY4NDUzMjg3MzE3ODc5OjE3NzQxMjM0ODY6c3BfbXRmOjMwMTE2MjExMjI1NzUwMjo6MDo6&url=%2Fpulgadas-computadora-port%25C3%25A1til-1920X1080-retroiluminado%2Fdp%2FB0FZV7STQ6%2Fref%3Dsr_1_5_sspa%3F__mk_es_US%3D%25C3%2585M%25C3%2585%25C5%25BD%25C3%2595%25C3%2591%26crid%3D3A1LPI65I0BKK%26dib%3DeyJ2IjoiMSJ9.V9NRDmz2C36jsRuK95wmkN8ahy7Vpqj-KIXayMiX99bWiWiqwgIzZvMIJz9xrrjq4fSBfLpv7rlop9AST3tToCaoXCdJd_jKtbxcGBbpTGeI0gancYE4DpUW4d5Umb5xzwytyoLPVGf9ICCv_GMSSMH1JW_-ocHAOHndiD6FdGbXQZ71CpRQLhDtL_B2girWfpM_XafvNPAZY37fv18BjUirmpw8sxcsJTpojUBopbo.WMDKTEYWLeuxs_lcU0n0a63HII0je2qytJVl4PjFg9o%26dib_tag%3Dse%26keywords%3Dlaptops%2Bbaratas%26qid%3D1774123485%26sprefix%3Dlaptops%2Bbaratas%252Caps%252C282%26sr%3D8-5-spons%26sp_csd%3Dd2lkZ2V0TmFtZT1zcF9tdGY%26psc%3D1#customerReviews","(10)","","Precio y página del producto","https://www.amazon.com/-/es/sspa/click?ie=UTF8&spc=MTo2MTY4NDUzMjg3MzE3ODc5OjE3NzQxMjM0ODY6c3BfbXRmOjMwMTE2MjExMjI1NzUwMjo6MDo6&url=%2Fpulgadas-computadora-port%25C3%25A1til-1920X1080-retroiluminado%2Fdp%2FB0FZV7STQ6%2Fref%3Dsr_1_5_sspa%3F__mk_es_US%3D%25C3%2585M%25C3%2585%25C5%25BD%25C3%2595%25C3%2591%26crid%3D3A1LPI65I0BKK%26dib%3DeyJ2IjoiMSJ9.V9NRDmz2C36jsRuK95wmkN8ahy7Vpqj-KIXayMiX99bWiWiqwgIzZvMIJz9xrrjq4fSBfLpv7rlop9AST3tToCaoXCdJd_jKtbxcGBbpTGeI0gancYE4DpUW4d5Umb5xzwytyoLPVGf9ICCv_GMSSMH1JW_-ocHAOHndiD6FdGbXQZ71CpRQLhDtL_B2girWfpM_XafvNPAZY37fv18BjUirmpw8sxcsJTpojUBopbo.WMDKTEYWLeuxs_lcU0n0a63HII0je2qytJVl4PjFg9o%26dib_tag%3Dse%26keywords%3Dlaptops%2Bbaratas%26qid%3D1774123485%26sprefix%3Dlaptops%2Bbaratas%252Caps%252C282%26sr%3D8-5-spons%26sp_csd%3Dd2lkZ2V0TmFtZT1zcF9tdGY%26psc%3D1","US$319.99","US$","319",".","99","Entrega el","jue, 30 de abr","Se envía a Venezuela","","","","","","","","","","","","Agregar al carrito","","",""
"","Computadora portátil de 15.6 pulgadas, 16 GB de RAM 512 GB SSD, procesador de hasta 3.4 GHz, pantalla FHD IPS, WiFi 5, tipo C, portátil delgada para estudiantes, trabajo y oficina en casa","https://www.amazon.com/-/es/sspa/click?ie=UTF8&spc=MTo2MTY4NDUzMjg3MzE3ODc5OjE3NzQxMjM0ODY6c3BfbXRmOjMwMTIwOTkyNjE1OTEwMjo6MDo6&url=%2FCUBIBUC-Computadora-port%25C3%25A1til-procesador-estudiantes%2Fdp%2FB0G7FND94V%2Fref%3Dsr_1_6_sspa%3F__mk_es_US%3D%25C3%2585M%25C3%2585%25C5%25BD%25C3%2595%25C3%2591%26crid%3D3A1LPI65I0BKK%26dib%3DeyJ2IjoiMSJ9.V9NRDmz2C36jsRuK95wmkN8ahy7Vpqj-KIXayMiX99bWiWiqwgIzZvMIJz9xrrjq4fSBfLpv7rlop9AST3tToCaoXCdJd_jKtbxcGBbpTGeI0gancYE4DpUW4d5Umb5xzwytyoLPVGf9ICCv_GMSSMH1JW_-ocHAOHndiD6FdGbXQZ71CpRQLhDtL_B2girWfpM_XafvNPAZY37fv18BjUirmpw8sxcsJTpojUBopbo.WMDKTEYWLeuxs_lcU0n0a63HII0je2qytJVl4PjFg9o%26dib_tag%3Dse%26keywords%3Dlaptops%2Bbaratas%26qid%3D1774123485%26sprefix%3Dlaptops%2Bbaratas%252Caps%252C282%26sr%3D8-6-spons%26sp_csd%3Dd2lkZ2V0TmFtZT1zcF9tdGY%26psc%3D1","https://m.media-amazon.com/images/I/61dMbHXtKFL._AC_UY218_.jpg","javascript:void(0)","Patrocinado","Patrocinado","Estás viendo este anuncio basado en la relevancia de productos para tu consulta de búsqueda.","https://www.amazon.com/s?k=laptops+baratas&__mk_es_US=%C3%85M%C3%85%C5%BD%C3%95%C3%91&crid=3A1LPI65I0BKK&sprefix=laptops+baratas%2Caps%2C282&ref=nb_sb_noss_1#","Deja un comentario sobre el anuncio","https://www.amazon.com/-/es/sspa/click?ie=UTF8&spc=MTo2MTY4NDUzMjg3MzE3ODc5OjE3NzQxMjM0ODY6c3BfbXRmOjMwMTIwOTkyNjE1OTEwMjo6MDo6&url=%2FCUBIBUC-Computadora-port%25C3%25A1til-procesador-estudiantes%2Fdp%2FB0G7FND94V%2Fref%3Dsr_1_6_sspa%3F__mk_es_US%3D%25C3%2585M%25C3%2585%25C5%25BD%25C3%2595%25C3%2591%26crid%3D3A1LPI65I0BKK%26dib%3DeyJ2IjoiMSJ9.V9NRDmz2C36jsRuK95wmkN8ahy7Vpqj-KIXayMiX99bWiWiqwgIzZvMIJz9xrrjq4fSBfLpv7rlop9AST3tToCaoXCdJd_jKtbxcGBbpTGeI0gancYE4DpUW4d5Umb5xzwytyoLPVGf9ICCv_GMSSMH1JW_-ocHAOHndiD6FdGbXQZ71CpRQLhDtL_B2girWfpM_XafvNPAZY37fv18BjUirmpw8sxcsJTpojUBopbo.WMDKTEYWLeuxs_lcU0n0a63HII0je2qytJVl4PjFg9o%26dib_tag%3Dse%26keywords%3Dlaptops%2Bbaratas%26qid%3D1774123485%26sprefix%3Dlaptops%2Bbaratas%252Caps%252C282%26sr%3D8-6-spons%26sp_csd%3Dd2lkZ2V0TmFtZT1zcF9tdGY%26psc%3D1","3.8","javascript:void(0)","3.8 de 5 estrellas","https://www.amazon.com/-/es/sspa/click?ie=UTF8&spc=MTo2MTY4NDUzMjg3MzE3ODc5OjE3NzQxMjM0ODY6c3BfbXRmOjMwMTIwOTkyNjE1OTEwMjo6MDo6&url=%2FCUBIBUC-Computadora-port%25C3%25A1til-procesador-estudiantes%2Fdp%2FB0G7FND94V%2Fref%3Dsr_1_6_sspa%3F__mk_es_US%3D%25C3%2585M%25C3%2585%25C5%25BD%25C3%2595%25C3%2591%26crid%3D3A1LPI65I0BKK%26dib%3DeyJ2IjoiMSJ9.V9NRDmz2C36jsRuK95wmkN8ahy7Vpqj-KIXayMiX99bWiWiqwgIzZvMIJz9xrrjq4fSBfLpv7rlop9AST3tToCaoXCdJd_jKtbxcGBbpTGeI0gancYE4DpUW4d5Umb5xzwytyoLPVGf9ICCv_GMSSMH1JW_-ocHAOHndiD6FdGbXQZ71CpRQLhDtL_B2girWfpM_XafvNPAZY37fv18BjUirmpw8sxcsJTpojUBopbo.WMDKTEYWLeuxs_lcU0n0a63HII0je2qytJVl4PjFg9o%26dib_tag%3Dse%26keywords%3Dlaptops%2Bbaratas%26qid%3D1774123485%26sprefix%3Dlaptops%2Bbaratas%252Caps%252C282%26sr%3D8-6-spons%26sp_csd%3Dd2lkZ2V0TmFtZT1zcF9tdGY%26psc%3D1#customerReviews","(5)","PVPR:","Precio y página del producto","https://www.amazon.com/-/es/sspa/click?ie=UTF8&spc=MTo2MTY4NDUzMjg3MzE3ODc5OjE3NzQxMjM0ODY6c3BfbXRmOjMwMTIwOTkyNjE1OTEwMjo6MDo6&url=%2FCUBIBUC-Computadora-port%25C3%25A1til-procesador-estudiantes%2Fdp%2FB0G7FND94V%2Fref%3Dsr_1_6_sspa%3F__mk_es_US%3D%25C3%2585M%25C3%2585%25C5%25BD%25C3%2595%25C3%2591%26crid%3D3A1LPI65I0BKK%26dib%3DeyJ2IjoiMSJ9.V9NRDmz2C36jsRuK95wmkN8ahy7Vpqj-KIXayMiX99bWiWiqwgIzZvMIJz9xrrjq4fSBfLpv7rlop9AST3tToCaoXCdJd_jKtbxcGBbpTGeI0gancYE4DpUW4d5Umb5xzwytyoLPVGf9ICCv_GMSSMH1JW_-ocHAOHndiD6FdGbXQZ71CpRQLhDtL_B2girWfpM_XafvNPAZY37fv18BjUirmpw8sxcsJTpojUBopbo.WMDKTEYWLeuxs_lcU0n0a63HII0je2qytJVl4PjFg9o%26dib_tag%3Dse%26keywords%3Dlaptops%2Bbaratas%26qid%3D1774123485%26sprefix%3Dlaptops%2Bbaratas%252Caps%252C282%26sr%3D8-6-spons%26sp_csd%3Dd2lkZ2V0TmFtZT1zcF9tdGY%26psc%3D1","US$279.99","US$","279",".","99","Entrega el","jue, 30 de abr","Se envía a Venezuela","","","","","","","","","","","","Agregar al carrito","PVPR: US$369.97","US$369.97","US$369.97"
"","HP 14 portátil, Intel Celeron N4020, 4 GB de RAM, 64 GB de almacenamiento, pantalla Micro-edge HD de 14 pulgadas, Windows 11 Home, delgada y portátil, gráficos 4K, un año de Microsoft 365 (14-dq0040nr","https://www.amazon.com/-/es/HP-almacenamiento-Micro-edge-Microsoft-14-dq0040nr/dp/B0947BJ67M/ref=sr_1_7?__mk_es_US=%C3%85M%C3%85%C5%BD%C3%95%C3%91&crid=3A1LPI65I0BKK&dib=eyJ2IjoiMSJ9.V9NRDmz2C36jsRuK95wmkN8ahy7Vpqj-KIXayMiX99bWiWiqwgIzZvMIJz9xrrjq4fSBfLpv7rlop9AST3tToCaoXCdJd_jKtbxcGBbpTGeI0gancYE4DpUW4d5Umb5xzwytyoLPVGf9ICCv_GMSSMH1JW_-ocHAOHndiD6FdGbXQZ71CpRQLhDtL_B2girWfpM_XafvNPAZY37fv18BjUirmpw8sxcsJTpojUBopbo.WMDKTEYWLeuxs_lcU0n0a63HII0je2qytJVl4PjFg9o&dib_tag=se&keywords=laptops+baratas&qid=1774123485&sprefix=laptops+baratas%2Caps%2C282&sr=8-7","https://m.media-amazon.com/images/I/815uX7wkOZS._AC_UY218_.jpg","","","US$174.00","","https://www.amazon.com/-/es/HP-almacenamiento-Micro-edge-Microsoft-14-dq0040nr/dp/B0947BJ67M/ref=sr_1_7?__mk_es_US=%C3%85M%C3%85%C5%BD%C3%95%C3%91&crid=3A1LPI65I0BKK&dib=eyJ2IjoiMSJ9.V9NRDmz2C36jsRuK95wmkN8ahy7Vpqj-KIXayMiX99bWiWiqwgIzZvMIJz9xrrjq4fSBfLpv7rlop9AST3tToCaoXCdJd_jKtbxcGBbpTGeI0gancYE4DpUW4d5Umb5xzwytyoLPVGf9ICCv_GMSSMH1JW_-ocHAOHndiD6FdGbXQZ71CpRQLhDtL_B2girWfpM_XafvNPAZY37fv18BjUirmpw8sxcsJTpojUBopbo.WMDKTEYWLeuxs_lcU0n0a63HII0je2qytJVl4PjFg9o&dib_tag=se&keywords=laptops+baratas&qid=1774123485&sprefix=laptops+baratas%2Caps%2C282&sr=8-7","(63+ ofertas de artículos nuevos y usados)","https://www.amazon.com/-/es/HP-almacenamiento-Micro-edge-Microsoft-14-dq0040nr/dp/B0947BJ67M/ref=sr_1_7?__mk_es_US=%C3%85M%C3%85%C5%BD%C3%95%C3%91&crid=3A1LPI65I0BKK&dib=eyJ2IjoiMSJ9.V9NRDmz2C36jsRuK95wmkN8ahy7Vpqj-KIXayMiX99bWiWiqwgIzZvMIJz9xrrjq4fSBfLpv7rlop9AST3tToCaoXCdJd_jKtbxcGBbpTGeI0gancYE4DpUW4d5Umb5xzwytyoLPVGf9ICCv_GMSSMH1JW_-ocHAOHndiD6FdGbXQZ71CpRQLhDtL_B2girWfpM_XafvNPAZY37fv18BjUirmpw8sxcsJTpojUBopbo.WMDKTEYWLeuxs_lcU0n0a63HII0je2qytJVl4PjFg9o&dib_tag=se&keywords=laptops+baratas&qid=1774123485&sprefix=laptops+baratas%2Caps%2C282&sr=8-7#customerReviews","4.0","javascript:void(0)","4.0 de 5 estrellas","https://www.amazon.com/-/es/HP-almacenamiento-Micro-edge-Microsoft-14-dq0040nr/dp/B0947BJ67M/ref=sr_1_7?__mk_es_US=%C3%85M%C3%85%C5%BD%C3%95%C3%91&crid=3A1LPI65I0BKK&dib=eyJ2IjoiMSJ9.V9NRDmz2C36jsRuK95wmkN8ahy7Vpqj-KIXayMiX99bWiWiqwgIzZvMIJz9xrrjq4fSBfLpv7rlop9AST3tToCaoXCdJd_jKtbxcGBbpTGeI0gancYE4DpUW4d5Umb5xzwytyoLPVGf9ICCv_GMSSMH1JW_-ocHAOHndiD6FdGbXQZ71CpRQLhDtL_B2girWfpM_XafvNPAZY37fv18BjUirmpw8sxcsJTpojUBopbo.WMDKTEYWLeuxs_lcU0n0a63HII0je2qytJVl4PjFg9o&dib_tag=se&keywords=laptops+baratas&qid=1774123485&sprefix=laptops+baratas%2Caps%2C282&sr=8-7","(5.2 K)","6 K+ comprados el mes pasado","Precio y página del producto","https://www.amazon.com/-/es/gp/offer-listing/B0947BJ67M/ref=sr_1_7_olp?keywords=laptops+baratas&crid=3A1LPI65I0BKK&sprefix=laptops+baratas%2Caps%2C282&dib_tag=se&dib=eyJ2IjoiMSJ9.V9NRDmz2C36jsRuK95wmkN8ahy7Vpqj-KIXayMiX99bWiWiqwgIzZvMIJz9xrrjq4fSBfLpv7rlop9AST3tToCaoXCdJd_jKtbxcGBbpTGeI0gancYE4DpUW4d5Umb5xzwytyoLPVGf9ICCv_GMSSMH1JW_-ocHAOHndiD6FdGbXQZ71CpRQLhDtL_B2girWfpM_XafvNPAZY37fv18BjUirmpw8sxcsJTpojUBopbo.WMDKTEYWLeuxs_lcU0n0a63HII0je2qytJVl4PjFg9o&__mk_es_US=%C3%85M%C3%85%C5%BD%C3%95%C3%91&qid=1774123485&sr=8-7","US$184.00","US$","184",".","00","Entrega entre el","7 de abr - 4 de may","Se envía a Venezuela","","","PVPR:","Más opciones de compra","","","","","","","","Agregar al carrito","PVPR: US$229.99","US$229.99","US$229.99"
"","Phatom Computadoras portátiles FHD de 15.6"", compatibles con Windows 11, Pentium Gold (Beats Pentium, Celeron), ventilador de refrigeración, 4 GB de RAM, 128 GB SSD, hasta 2 TB, HDMI, para negocios, estudiantes","https://www.amazon.com/-/es/Phatom-Computadoras-compatibles-refrigeraci%C3%B3n-estudiantes/dp/B0FS1V6XZD/ref=sr_1_8?__mk_es_US=%C3%85M%C3%85%C5%BD%C3%95%C3%91&crid=3A1LPI65I0BKK&dib=eyJ2IjoiMSJ9.V9NRDmz2C36jsRuK95wmkN8ahy7Vpqj-KIXayMiX99bWiWiqwgIzZvMIJz9xrrjq4fSBfLpv7rlop9AST3tToCaoXCdJd_jKtbxcGBbpTGeI0gancYE4DpUW4d5Umb5xzwytyoLPVGf9ICCv_GMSSMH1JW_-ocHAOHndiD6FdGbXQZ71CpRQLhDtL_B2girWfpM_XafvNPAZY37fv18BjUirmpw8sxcsJTpojUBopbo.WMDKTEYWLeuxs_lcU0n0a63HII0je2qytJVl4PjFg9o&dib_tag=se&keywords=laptops+baratas&qid=1774123485&sprefix=laptops+baratas%2Caps%2C282&sr=8-8","https://m.media-amazon.com/images/I/71CaJNgo8TL._AC_UY218_.jpg","","","","","https://www.amazon.com/-/es/Phatom-Computadoras-compatibles-refrigeraci%C3%B3n-estudiantes/dp/B0FS1V6XZD/ref=sr_1_8?__mk_es_US=%C3%85M%C3%85%C5%BD%C3%95%C3%91&crid=3A1LPI65I0BKK&dib=eyJ2IjoiMSJ9.V9NRDmz2C36jsRuK95wmkN8ahy7Vpqj-KIXayMiX99bWiWiqwgIzZvMIJz9xrrjq4fSBfLpv7rlop9AST3tToCaoXCdJd_jKtbxcGBbpTGeI0gancYE4DpUW4d5Umb5xzwytyoLPVGf9ICCv_GMSSMH1JW_-ocHAOHndiD6FdGbXQZ71CpRQLhDtL_B2girWfpM_XafvNPAZY37fv18BjUirmpw8sxcsJTpojUBopbo.WMDKTEYWLeuxs_lcU0n0a63HII0je2qytJVl4PjFg9o&dib_tag=se&keywords=laptops+baratas&qid=1774123485&sprefix=laptops+baratas%2Caps%2C282&sr=8-8","","https://www.amazon.com/-/es/Phatom-Computadoras-compatibles-refrigeraci%C3%B3n-estudiantes/dp/B0FS1V6XZD/ref=sr_1_8?__mk_es_US=%C3%85M%C3%85%C5%BD%C3%95%C3%91&crid=3A1LPI65I0BKK&dib=eyJ2IjoiMSJ9.V9NRDmz2C36jsRuK95wmkN8ahy7Vpqj-KIXayMiX99bWiWiqwgIzZvMIJz9xrrjq4fSBfLpv7rlop9AST3tToCaoXCdJd_jKtbxcGBbpTGeI0gancYE4DpUW4d5Umb5xzwytyoLPVGf9ICCv_GMSSMH1JW_-ocHAOHndiD6FdGbXQZ71CpRQLhDtL_B2girWfpM_XafvNPAZY37fv18BjUirmpw8sxcsJTpojUBopbo.WMDKTEYWLeuxs_lcU0n0a63HII0je2qytJVl4PjFg9o&dib_tag=se&keywords=laptops+baratas&qid=1774123485&sprefix=laptops+baratas%2Caps%2C282&sr=8-8#customerReviews","4.5","javascript:void(0)","4.5 de 5 estrellas","https://www.amazon.com/-/es/Phatom-Computadoras-compatibles-refrigeraci%C3%B3n-estudiantes/dp/B0FS1V6XZD/ref=sr_1_8?__mk_es_US=%C3%85M%C3%85%C5%BD%C3%95%C3%91&crid=3A1LPI65I0BKK&dib=eyJ2IjoiMSJ9.V9NRDmz2C36jsRuK95wmkN8ahy7Vpqj-KIXayMiX99bWiWiqwgIzZvMIJz9xrrjq4fSBfLpv7rlop9AST3tToCaoXCdJd_jKtbxcGBbpTGeI0gancYE4DpUW4d5Umb5xzwytyoLPVGf9ICCv_GMSSMH1JW_-ocHAOHndiD6FdGbXQZ71CpRQLhDtL_B2girWfpM_XafvNPAZY37fv18BjUirmpw8sxcsJTpojUBopbo.WMDKTEYWLeuxs_lcU0n0a63HII0je2qytJVl4PjFg9o&dib_tag=se&keywords=laptops+baratas&qid=1774123485&sprefix=laptops+baratas%2Caps%2C282&sr=8-8","(76)","400+ comprados el mes pasado","Precio y página del producto","","US$199.99","US$","199",".","99","Entrega el","jue, 30 de abr","Se envía a Venezuela","","","PVPR:","Solo queda(n) 1 en stock (hay más unidades en camino).","","","","","","","","Agregar al carrito","PVPR: US$239.00","US$239.00","US$239.00"
"","Computadora portátil Win11 Pro de 15.6 pulgadas con procesador 4425Y, 16 GB de RAM 256 GB SSD, MS Office 365, pantalla 100% sRGB, portátil, WiFi de doble banda, BT5.0, USB-A, HDMI, pantalla","https://www.amazon.com/-/es/sspa/click?ie=UTF8&spc=MTo2MTY4NDUzMjg3MzE3ODc5OjE3NzQxMjM0ODY6c3BfbXRmOjMwMTE2NDIzMTIyNTUwMjo6MDo6&url=%2FHYPERSTRIX-Computadora-port%25C3%25A1til-pulgadas-procesador%2Fdp%2FB0G8TGHVXJ%2Fref%3Dsr_1_9_sspa%3F__mk_es_US%3D%25C3%2585M%25C3%2585%25C5%25BD%25C3%2595%25C3%2591%26crid%3D3A1LPI65I0BKK%26dib%3DeyJ2IjoiMSJ9.V9NRDmz2C36jsRuK95wmkN8ahy7Vpqj-KIXayMiX99bWiWiqwgIzZvMIJz9xrrjq4fSBfLpv7rlop9AST3tToCaoXCdJd_jKtbxcGBbpTGeI0gancYE4DpUW4d5Umb5xzwytyoLPVGf9ICCv_GMSSMH1JW_-ocHAOHndiD6FdGbXQZ71CpRQLhDtL_B2girWfpM_XafvNPAZY37fv18BjUirmpw8sxcsJTpojUBopbo.WMDKTEYWLeuxs_lcU0n0a63HII0je2qytJVl4PjFg9o%26dib_tag%3Dse%26keywords%3Dlaptops%2Bbaratas%26qid%3D1774123485%26sprefix%3Dlaptops%2Bbaratas%252Caps%252C282%26sr%3D8-9-spons%26sp_csd%3Dd2lkZ2V0TmFtZT1zcF9tdGY%26psc%3D1","https://m.media-amazon.com/images/I/712i1TcKlPL._AC_UY218_.jpg","javascript:void(0)","Patrocinado","Patrocinado","Estás viendo este anuncio basado en la relevancia de productos para tu consulta de búsqueda.","https://www.amazon.com/s?k=laptops+baratas&__mk_es_US=%C3%85M%C3%85%C5%BD%C3%95%C3%91&crid=3A1LPI65I0BKK&sprefix=laptops+baratas%2Caps%2C282&ref=nb_sb_noss_1#","Deja un comentario sobre el anuncio","https://www.amazon.com/-/es/sspa/click?ie=UTF8&spc=MTo2MTY4NDUzMjg3MzE3ODc5OjE3NzQxMjM0ODY6c3BfbXRmOjMwMTE2NDIzMTIyNTUwMjo6MDo6&url=%2FHYPERSTRIX-Computadora-port%25C3%25A1til-pulgadas-procesador%2Fdp%2FB0G8TGHVXJ%2Fref%3Dsr_1_9_sspa%3F__mk_es_US%3D%25C3%2585M%25C3%2585%25C5%25BD%25C3%2595%25C3%2591%26crid%3D3A1LPI65I0BKK%26dib%3DeyJ2IjoiMSJ9.V9NRDmz2C36jsRuK95wmkN8ahy7Vpqj-KIXayMiX99bWiWiqwgIzZvMIJz9xrrjq4fSBfLpv7rlop9AST3tToCaoXCdJd_jKtbxcGBbpTGeI0gancYE4DpUW4d5Umb5xzwytyoLPVGf9ICCv_GMSSMH1JW_-ocHAOHndiD6FdGbXQZ71CpRQLhDtL_B2girWfpM_XafvNPAZY37fv18BjUirmpw8sxcsJTpojUBopbo.WMDKTEYWLeuxs_lcU0n0a63HII0je2qytJVl4PjFg9o%26dib_tag%3Dse%26keywords%3Dlaptops%2Bbaratas%26qid%3D1774123485%26sprefix%3Dlaptops%2Bbaratas%252Caps%252C282%26sr%3D8-9-spons%26sp_csd%3Dd2lkZ2V0TmFtZT1zcF9tdGY%26psc%3D1","3.7","javascript:void(0)","3.7 de 5 estrellas","https://www.amazon.com/-/es/sspa/click?ie=UTF8&spc=MTo2MTY4NDUzMjg3MzE3ODc5OjE3NzQxMjM0ODY6c3BfbXRmOjMwMTE2NDIzMTIyNTUwMjo6MDo6&url=%2FHYPERSTRIX-Computadora-port%25C3%25A1til-pulgadas-procesador%2Fdp%2FB0G8TGHVXJ%2Fref%3Dsr_1_9_sspa%3F__mk_es_US%3D%25C3%2585M%25C3%2585%25C5%25BD%25C3%2595%25C3%2591%26crid%3D3A1LPI65I0BKK%26dib%3DeyJ2IjoiMSJ9.V9NRDmz2C36jsRuK95wmkN8ahy7Vpqj-KIXayMiX99bWiWiqwgIzZvMIJz9xrrjq4fSBfLpv7rlop9AST3tToCaoXCdJd_jKtbxcGBbpTGeI0gancYE4DpUW4d5Umb5xzwytyoLPVGf9ICCv_GMSSMH1JW_-ocHAOHndiD6FdGbXQZ71CpRQLhDtL_B2girWfpM_XafvNPAZY37fv18BjUirmpw8sxcsJTpojUBopbo.WMDKTEYWLeuxs_lcU0n0a63HII0je2qytJVl4PjFg9o%26dib_tag%3Dse%26keywords%3Dlaptops%2Bbaratas%26qid%3D1774123485%26sprefix%3Dlaptops%2Bbaratas%252Caps%252C282%26sr%3D8-9-spons%26sp_csd%3Dd2lkZ2V0TmFtZT1zcF9tdGY%26psc%3D1#customerReviews","(15)","","Precio y página del producto","https://www.amazon.com/-/es/sspa/click?ie=UTF8&spc=MTo2MTY4NDUzMjg3MzE3ODc5OjE3NzQxMjM0ODY6c3BfbXRmOjMwMTE2NDIzMTIyNTUwMjo6MDo6&url=%2FHYPERSTRIX-Computadora-port%25C3%25A1til-pulgadas-procesador%2Fdp%2FB0G8TGHVXJ%2Fref%3Dsr_1_9_sspa%3F__mk_es_US%3D%25C3%2585M%25C3%2585%25C5%25BD%25C3%2595%25C3%2591%26crid%3D3A1LPI65I0BKK%26dib%3DeyJ2IjoiMSJ9.V9NRDmz2C36jsRuK95wmkN8ahy7Vpqj-KIXayMiX99bWiWiqwgIzZvMIJz9xrrjq4fSBfLpv7rlop9AST3tToCaoXCdJd_jKtbxcGBbpTGeI0gancYE4DpUW4d5Umb5xzwytyoLPVGf9ICCv_GMSSMH1JW_-ocHAOHndiD6FdGbXQZ71CpRQLhDtL_B2girWfpM_XafvNPAZY37fv18BjUirmpw8sxcsJTpojUBopbo.WMDKTEYWLeuxs_lcU0n0a63HII0je2qytJVl4PjFg9o%26dib_tag%3Dse%26keywords%3Dlaptops%2Bbaratas%26qid%3D1774123485%26sprefix%3Dlaptops%2Bbaratas%252Caps%252C282%26sr%3D8-9-spons%26sp_csd%3Dd2lkZ2V0TmFtZT1zcF9tdGY%26psc%3D1","US$279.99","US$","279",".","99","Entrega el","jue, 30 de abr","Se envía a Venezuela","","","","","","","","","","","","Agregar al carrito","","",""
"","Computadoras portátiles FHD de 14 pulgadas, portátil con Gold 6500Y (hasta 3.4 GHz), 16 GB de RAM, SSD de 512 GB, Type-C, HDMI, USB 3.2, WiFi, Bluetooth, batería de larga duración, portátiles","https://www.amazon.com/-/es/sspa/click?ie=UTF8&spc=MTo2MTY4NDUzMjg3MzE3ODc5OjE3NzQxMjM0ODY6c3BfbXRmOjMwMTIwMDIxMzc3ODAwMjo6MDo6&url=%2FSHBIV-Computadoras-port%25C3%25A1tiles-pulgadas-Bluetooth%2Fdp%2FB0G3QLYN52%2Fref%3Dsr_1_10_sspa%3F__mk_es_US%3D%25C3%2585M%25C3%2585%25C5%25BD%25C3%2595%25C3%2591%26crid%3D3A1LPI65I0BKK%26dib%3DeyJ2IjoiMSJ9.V9NRDmz2C36jsRuK95wmkN8ahy7Vpqj-KIXayMiX99bWiWiqwgIzZvMIJz9xrrjq4fSBfLpv7rlop9AST3tToCaoXCdJd_jKtbxcGBbpTGeI0gancYE4DpUW4d5Umb5xzwytyoLPVGf9ICCv_GMSSMH1JW_-ocHAOHndiD6FdGbXQZ71CpRQLhDtL_B2girWfpM_XafvNPAZY37fv18BjUirmpw8sxcsJTpojUBopbo.WMDKTEYWLeuxs_lcU0n0a63HII0je2qytJVl4PjFg9o%26dib_tag%3Dse%26keywords%3Dlaptops%2Bbaratas%26qid%3D1774123485%26sprefix%3Dlaptops%2Bbaratas%252Caps%252C282%26sr%3D8-10-spons%26sp_csd%3Dd2lkZ2V0TmFtZT1zcF9tdGY%26psc%3D1","https://m.media-amazon.com/images/I/611sCsW+n9L._AC_UY218_.jpg","javascript:void(0)","Patrocinado","Patrocinado","Estás viendo este anuncio basado en la relevancia de productos para tu consulta de búsqueda.","https://www.amazon.com/s?k=laptops+baratas&__mk_es_US=%C3%85M%C3%85%C5%BD%C3%95%C3%91&crid=3A1LPI65I0BKK&sprefix=laptops+baratas%2Caps%2C282&ref=nb_sb_noss_1#","Deja un comentario sobre el anuncio","https://www.amazon.com/-/es/sspa/click?ie=UTF8&spc=MTo2MTY4NDUzMjg3MzE3ODc5OjE3NzQxMjM0ODY6c3BfbXRmOjMwMTIwMDIxMzc3ODAwMjo6MDo6&url=%2FSHBIV-Computadoras-port%25C3%25A1tiles-pulgadas-Bluetooth%2Fdp%2FB0G3QLYN52%2Fref%3Dsr_1_10_sspa%3F__mk_es_US%3D%25C3%2585M%25C3%2585%25C5%25BD%25C3%2595%25C3%2591%26crid%3D3A1LPI65I0BKK%26dib%3DeyJ2IjoiMSJ9.V9NRDmz2C36jsRuK95wmkN8ahy7Vpqj-KIXayMiX99bWiWiqwgIzZvMIJz9xrrjq4fSBfLpv7rlop9AST3tToCaoXCdJd_jKtbxcGBbpTGeI0gancYE4DpUW4d5Umb5xzwytyoLPVGf9ICCv_GMSSMH1JW_-ocHAOHndiD6FdGbXQZ71CpRQLhDtL_B2girWfpM_XafvNPAZY37fv18BjUirmpw8sxcsJTpojUBopbo.WMDKTEYWLeuxs_lcU0n0a63HII0je2qytJVl4PjFg9o%26dib_tag%3Dse%26keywords%3Dlaptops%2Bbaratas%26qid%3D1774123485%26sprefix%3Dlaptops%2Bbaratas%252Caps%252C282%26sr%3D8-10-spons%26sp_csd%3Dd2lkZ2V0TmFtZT1zcF9tdGY%26psc%3D1","4.7","javascript:void(0)","4.7 de 5 estrellas","https://www.amazon.com/-/es/sspa/click?ie=UTF8&spc=MTo2MTY4NDUzMjg3MzE3ODc5OjE3NzQxMjM0ODY6c3BfbXRmOjMwMTIwMDIxMzc3ODAwMjo6MDo6&url=%2FSHBIV-Computadoras-port%25C3%25A1tiles-pulgadas-Bluetooth%2Fdp%2FB0G3QLYN52%2Fref%3Dsr_1_10_sspa%3F__mk_es_US%3D%25C3%2585M%25C3%2585%25C5%25BD%25C3%2595%25C3%2591%26crid%3D3A1LPI65I0BKK%26dib%3DeyJ2IjoiMSJ9.V9NRDmz2C36jsRuK95wmkN8ahy7Vpqj-KIXayMiX99bWiWiqwgIzZvMIJz9xrrjq4fSBfLpv7rlop9AST3tToCaoXCdJd_jKtbxcGBbpTGeI0gancYE4DpUW4d5Umb5xzwytyoLPVGf9ICCv_GMSSMH1JW_-ocHAOHndiD6FdGbXQZ71CpRQLhDtL_B2girWfpM_XafvNPAZY37fv18BjUirmpw8sxcsJTpojUBopbo.WMDKTEYWLeuxs_lcU0n0a63HII0je2qytJVl4PjFg9o%26dib_tag%3Dse%26keywords%3Dlaptops%2Bbaratas%26qid%3D1774123485%26sprefix%3Dlaptops%2Bbaratas%252Caps%252C282%26sr%3D8-10-spons%26sp_csd%3Dd2lkZ2V0TmFtZT1zcF9tdGY%26psc%3D1#customerReviews","(9)","50+ comprados el mes pasado","Precio y página del producto","https://www.amazon.com/-/es/sspa/click?ie=UTF8&spc=MTo2MTY4NDUzMjg3MzE3ODc5OjE3NzQxMjM0ODY6c3BfbXRmOjMwMTIwMDIxMzc3ODAwMjo6MDo6&url=%2FSHBIV-Computadoras-port%25C3%25A1tiles-pulgadas-Bluetooth%2Fdp%2FB0G3QLYN52%2Fref%3Dsr_1_10_sspa%3F__mk_es_US%3D%25C3%2585M%25C3%2585%25C5%25BD%25C3%2595%25C3%2591%26crid%3D3A1LPI65I0BKK%26dib%3DeyJ2IjoiMSJ9.V9NRDmz2C36jsRuK95wmkN8ahy7Vpqj-KIXayMiX99bWiWiqwgIzZvMIJz9xrrjq4fSBfLpv7rlop9AST3tToCaoXCdJd_jKtbxcGBbpTGeI0gancYE4DpUW4d5Umb5xzwytyoLPVGf9ICCv_GMSSMH1JW_-ocHAOHndiD6FdGbXQZ71CpRQLhDtL_B2girWfpM_XafvNPAZY37fv18BjUirmpw8sxcsJTpojUBopbo.WMDKTEYWLeuxs_lcU0n0a63HII0je2qytJVl4PjFg9o%26dib_tag%3Dse%26keywords%3Dlaptops%2Bbaratas%26qid%3D1774123485%26sprefix%3Dlaptops%2Bbaratas%252Caps%252C282%26sr%3D8-10-spons%26sp_csd%3Dd2lkZ2V0TmFtZT1zcF9tdGY%26psc%3D1","US$289.99","US$","289",".","99","Entrega el","jue, 30 de abr","Se envía a Venezuela","","","PVPR:","","","","","","","","","Agregar al carrito","PVPR: US$379.99","US$379.99","US$379.99"
"","Dell Latitude 5420 Computadora portátil de negocios FHD de 14 pulgadas, Intel Quad-Core i5-1145G7, 16 GB DDR4 RAM, 256 GB SSD, cámara, HDMI, Windows 11 Pro (renovado)","https://www.amazon.com/-/es/Dell-Latitude-5420-Computadora-Quad-Core/dp/B0F53SQRH4/ref=sr_1_11?__mk_es_US=%C3%85M%C3%85%C5%BD%C3%95%C3%91&crid=3A1LPI65I0BKK&dib=eyJ2IjoiMSJ9.V9NRDmz2C36jsRuK95wmkN8ahy7Vpqj-KIXayMiX99bWiWiqwgIzZvMIJz9xrrjq4fSBfLpv7rlop9AST3tToCaoXCdJd_jKtbxcGBbpTGeI0gancYE4DpUW4d5Umb5xzwytyoLPVGf9ICCv_GMSSMH1JW_-ocHAOHndiD6FdGbXQZ71CpRQLhDtL_B2girWfpM_XafvNPAZY37fv18BjUirmpw8sxcsJTpojUBopbo.WMDKTEYWLeuxs_lcU0n0a63HII0je2qytJVl4PjFg9o&dib_tag=se&keywords=laptops+baratas&qid=1774123485&sprefix=laptops+baratas%2Caps%2C282&sr=8-11","https://m.media-amazon.com/images/I/616jxxM4VLL._AC_UY218_.jpg","","","","","https://www.amazon.com/-/es/Dell-Latitude-5420-Computadora-Quad-Core/dp/B0F53SQRH4/ref=sr_1_11?__mk_es_US=%C3%85M%C3%85%C5%BD%C3%95%C3%91&crid=3A1LPI65I0BKK&dib=eyJ2IjoiMSJ9.V9NRDmz2C36jsRuK95wmkN8ahy7Vpqj-KIXayMiX99bWiWiqwgIzZvMIJz9xrrjq4fSBfLpv7rlop9AST3tToCaoXCdJd_jKtbxcGBbpTGeI0gancYE4DpUW4d5Umb5xzwytyoLPVGf9ICCv_GMSSMH1JW_-ocHAOHndiD6FdGbXQZ71CpRQLhDtL_B2girWfpM_XafvNPAZY37fv18BjUirmpw8sxcsJTpojUBopbo.WMDKTEYWLeuxs_lcU0n0a63HII0je2qytJVl4PjFg9o&dib_tag=se&keywords=laptops+baratas&qid=1774123485&sprefix=laptops+baratas%2Caps%2C282&sr=8-11","","https://www.amazon.com/-/es/Dell-Latitude-5420-Computadora-Quad-Core/dp/B0F53SQRH4/ref=sr_1_11?__mk_es_US=%C3%85M%C3%85%C5%BD%C3%95%C3%91&crid=3A1LPI65I0BKK&dib=eyJ2IjoiMSJ9.V9NRDmz2C36jsRuK95wmkN8ahy7Vpqj-KIXayMiX99bWiWiqwgIzZvMIJz9xrrjq4fSBfLpv7rlop9AST3tToCaoXCdJd_jKtbxcGBbpTGeI0gancYE4DpUW4d5Umb5xzwytyoLPVGf9ICCv_GMSSMH1JW_-ocHAOHndiD6FdGbXQZ71CpRQLhDtL_B2girWfpM_XafvNPAZY37fv18BjUirmpw8sxcsJTpojUBopbo.WMDKTEYWLeuxs_lcU0n0a63HII0je2qytJVl4PjFg9o&dib_tag=se&keywords=laptops+baratas&qid=1774123485&sprefix=laptops+baratas%2Caps%2C282&sr=8-11#customerReviews","4.0","javascript:void(0)","4.0 de 5 estrellas","","(178)","500+ comprados el mes pasado","","","","","","","","","","","","","","","","","","","","","","","","",""
"Características de sostenibilidad","Acer Aspire Go 15 AI Ready Laptop | Pantalla IPS FHD de 15.6 pulgadas (1920 x 1080), procesador Intel Core 3 N355, gráficos Intel, DDR5 de 8 GB, UFS de 128 GB, Wi-Fi 6, Windows 11 Home en modo S, AG15","https://www.amazon.com/-/es/Pantalla-pulgadas-procesador-gr%C3%A1ficos-Windows/dp/B0DT7FC9B7/ref=sr_1_12?__mk_es_US=%C3%85M%C3%85%C5%BD%C3%95%C3%91&crid=3A1LPI65I0BKK&dib=eyJ2IjoiMSJ9.V9NRDmz2C36jsRuK95wmkN8ahy7Vpqj-KIXayMiX99bWiWiqwgIzZvMIJz9xrrjq4fSBfLpv7rlop9AST3tToCaoXCdJd_jKtbxcGBbpTGeI0gancYE4DpUW4d5Umb5xzwytyoLPVGf9ICCv_GMSSMH1JW_-ocHAOHndiD6FdGbXQZ71CpRQLhDtL_B2girWfpM_XafvNPAZY37fv18BjUirmpw8sxcsJTpojUBopbo.WMDKTEYWLeuxs_lcU0n0a63HII0je2qytJVl4PjFg9o&dib_tag=se&keywords=laptops+baratas&qid=1774123485&sprefix=laptops+baratas%2Caps%2C282&sr=8-12","https://m.media-amazon.com/images/I/71H8XhwlwpL._AC_UY218_.jpg","","","US$239.00","","https://www.amazon.com/-/es/Pantalla-pulgadas-procesador-gr%C3%A1ficos-Windows/dp/B0DT7FC9B7/ref=sr_1_12?__mk_es_US=%C3%85M%C3%85%C5%BD%C3%95%C3%91&crid=3A1LPI65I0BKK&dib=eyJ2IjoiMSJ9.V9NRDmz2C36jsRuK95wmkN8ahy7Vpqj-KIXayMiX99bWiWiqwgIzZvMIJz9xrrjq4fSBfLpv7rlop9AST3tToCaoXCdJd_jKtbxcGBbpTGeI0gancYE4DpUW4d5Umb5xzwytyoLPVGf9ICCv_GMSSMH1JW_-ocHAOHndiD6FdGbXQZ71CpRQLhDtL_B2girWfpM_XafvNPAZY37fv18BjUirmpw8sxcsJTpojUBopbo.WMDKTEYWLeuxs_lcU0n0a63HII0je2qytJVl4PjFg9o&dib_tag=se&keywords=laptops+baratas&qid=1774123485&sprefix=laptops+baratas%2Caps%2C282&sr=8-12","(5+ ofertas de artículos nuevos y usados)","https://www.amazon.com/-/es/Pantalla-pulgadas-procesador-gr%C3%A1ficos-Windows/dp/B0DT7FC9B7/ref=sr_1_12?__mk_es_US=%C3%85M%C3%85%C5%BD%C3%95%C3%91&crid=3A1LPI65I0BKK&dib=eyJ2IjoiMSJ9.V9NRDmz2C36jsRuK95wmkN8ahy7Vpqj-KIXayMiX99bWiWiqwgIzZvMIJz9xrrjq4fSBfLpv7rlop9AST3tToCaoXCdJd_jKtbxcGBbpTGeI0gancYE4DpUW4d5Umb5xzwytyoLPVGf9ICCv_GMSSMH1JW_-ocHAOHndiD6FdGbXQZ71CpRQLhDtL_B2girWfpM_XafvNPAZY37fv18BjUirmpw8sxcsJTpojUBopbo.WMDKTEYWLeuxs_lcU0n0a63HII0je2qytJVl4PjFg9o&dib_tag=se&keywords=laptops+baratas&qid=1774123485&sprefix=laptops+baratas%2Caps%2C282&sr=8-12#customerReviews","4.4","javascript:void(0)","4.4 de 5 estrellas","https://www.amazon.com/-/es/Pantalla-pulgadas-procesador-gr%C3%A1ficos-Windows/dp/B0DT7FC9B7/ref=sr_1_12?__mk_es_US=%C3%85M%C3%85%C5%BD%C3%95%C3%91&crid=3A1LPI65I0BKK&dib=eyJ2IjoiMSJ9.V9NRDmz2C36jsRuK95wmkN8ahy7Vpqj-KIXayMiX99bWiWiqwgIzZvMIJz9xrrjq4fSBfLpv7rlop9AST3tToCaoXCdJd_jKtbxcGBbpTGeI0gancYE4DpUW4d5Umb5xzwytyoLPVGf9ICCv_GMSSMH1JW_-ocHAOHndiD6FdGbXQZ71CpRQLhDtL_B2girWfpM_XafvNPAZY37fv18BjUirmpw8sxcsJTpojUBopbo.WMDKTEYWLeuxs_lcU0n0a63HII0je2qytJVl4PjFg9o&dib_tag=se&keywords=laptops+baratas&qid=1774123485&sprefix=laptops+baratas%2Caps%2C282&sr=8-12","(679)","1 K+ comprados el mes pasado","Precio y página del producto","javascript:void(0)","US$279.95","US$","279",".","95","Entrega el","jue, 30 de abr","Se envía a Venezuela","https://www.amazon.com/s?k=laptops+baratas&__mk_es_US=%C3%85M%C3%85%C5%BD%C3%95%C3%91&crid=3A1LPI65I0BKK&sprefix=laptops+baratas%2Caps%2C282&ref=nb_sb_noss_1#","https://m.media-amazon.com/images/I/11++B3A2NEL._SS200_.png","Eficiencia energética","Este producto tiene características de sostenibilidad reconocidas por certificaciones confiables.","Ahorra energía en comparación con productos similares.","Como certificado por","https://www.amazon.com/-/es/climatepledgefriendly","ENERGY STAR","Más información sobre ENERGY STAR","ENERGY STAR certifica productos de electrónica y electrodomésticos con base en especificaciones de eficiencia energética establecidas por la EPA estadounidense. El programa ENERGY STAR es administrado por la Agencia de Protección Ambiental de los Estados Unidos (EPA). La EPA establece especificaciones de eficiencia energética para que los fabricantes obtengan la etiqueta ENERGY STAR para sus productos.","https://www.amazon.com/-/es/gp/offer-listing/B0DT7FC9B7/ref=sr_1_12_olp?keywords=laptops+baratas&crid=3A1LPI65I0BKK&sprefix=laptops+baratas%2Caps%2C282&dib_tag=se&dib=eyJ2IjoiMSJ9.V9NRDmz2C36jsRuK95wmkN8ahy7Vpqj-KIXayMiX99bWiWiqwgIzZvMIJz9xrrjq4fSBfLpv7rlop9AST3tToCaoXCdJd_jKtbxcGBbpTGeI0gancYE4DpUW4d5Umb5xzwytyoLPVGf9ICCv_GMSSMH1JW_-ocHAOHndiD6FdGbXQZ71CpRQLhDtL_B2girWfpM_XafvNPAZY37fv18BjUirmpw8sxcsJTpojUBopbo.WMDKTEYWLeuxs_lcU0n0a63HII0je2qytJVl4PjFg9o&__mk_es_US=%C3%85M%C3%85%C5%BD%C3%95%C3%91&qid=1774123485&sr=8-12","Agregar al carrito","","",""
"","Laptop de 15.6 pulgadas, portátil 2026, 16 GB de RAM 512 GB SSD, procesador N150 (hasta 3.6 GHz), computadora portátil con batería de 5000 mAh, pantalla IPS Full HD, Win 11 Pro - para negocios y","https://www.amazon.com/-/es/pulgadas-port%C3%A1til-procesador-computadora-pantalla/dp/B0GJRLH938/ref=sr_1_13?__mk_es_US=%C3%85M%C3%85%C5%BD%C3%95%C3%91&crid=3A1LPI65I0BKK&dib=eyJ2IjoiMSJ9.V9NRDmz2C36jsRuK95wmkN8ahy7Vpqj-KIXayMiX99bWiWiqwgIzZvMIJz9xrrjq4fSBfLpv7rlop9AST3tToCaoXCdJd_jKtbxcGBbpTGeI0gancYE4DpUW4d5Umb5xzwytyoLPVGf9ICCv_GMSSMH1JW_-ocHAOHndiD6FdGbXQZ71CpRQLhDtL_B2girWfpM_XafvNPAZY37fv18BjUirmpw8sxcsJTpojUBopbo.WMDKTEYWLeuxs_lcU0n0a63HII0je2qytJVl4PjFg9o&dib_tag=se&keywords=laptops+baratas&qid=1774123485&sprefix=laptops+baratas%2Caps%2C282&sr=8-13","https://m.media-amazon.com/images/I/71qgTR6hPcL._AC_UY218_.jpg","","","","","https://www.amazon.com/-/es/pulgadas-port%C3%A1til-procesador-computadora-pantalla/dp/B0GJRLH938/ref=sr_1_13?__mk_es_US=%C3%85M%C3%85%C5%BD%C3%95%C3%91&crid=3A1LPI65I0BKK&dib=eyJ2IjoiMSJ9.V9NRDmz2C36jsRuK95wmkN8ahy7Vpqj-KIXayMiX99bWiWiqwgIzZvMIJz9xrrjq4fSBfLpv7rlop9AST3tToCaoXCdJd_jKtbxcGBbpTGeI0gancYE4DpUW4d5Umb5xzwytyoLPVGf9ICCv_GMSSMH1JW_-ocHAOHndiD6FdGbXQZ71CpRQLhDtL_B2girWfpM_XafvNPAZY37fv18BjUirmpw8sxcsJTpojUBopbo.WMDKTEYWLeuxs_lcU0n0a63HII0je2qytJVl4PjFg9o&dib_tag=se&keywords=laptops+baratas&qid=1774123485&sprefix=laptops+baratas%2Caps%2C282&sr=8-13","","https://www.amazon.com/-/es/pulgadas-port%C3%A1til-procesador-computadora-pantalla/dp/B0GJRLH938/ref=sr_1_13?__mk_es_US=%C3%85M%C3%85%C5%BD%C3%95%C3%91&crid=3A1LPI65I0BKK&dib=eyJ2IjoiMSJ9.V9NRDmz2C36jsRuK95wmkN8ahy7Vpqj-KIXayMiX99bWiWiqwgIzZvMIJz9xrrjq4fSBfLpv7rlop9AST3tToCaoXCdJd_jKtbxcGBbpTGeI0gancYE4DpUW4d5Umb5xzwytyoLPVGf9ICCv_GMSSMH1JW_-ocHAOHndiD6FdGbXQZ71CpRQLhDtL_B2girWfpM_XafvNPAZY37fv18BjUirmpw8sxcsJTpojUBopbo.WMDKTEYWLeuxs_lcU0n0a63HII0je2qytJVl4PjFg9o&dib_tag=se&keywords=laptops+baratas&qid=1774123485&sprefix=laptops+baratas%2Caps%2C282&sr=8-13#customerReviews","3.9","javascript:void(0)","3.9 de 5 estrellas","https://www.amazon.com/-/es/pulgadas-port%C3%A1til-procesador-computadora-pantalla/dp/B0GJRLH938/ref=sr_1_13?__mk_es_US=%C3%85M%C3%85%C5%BD%C3%95%C3%91&crid=3A1LPI65I0BKK&dib=eyJ2IjoiMSJ9.V9NRDmz2C36jsRuK95wmkN8ahy7Vpqj-KIXayMiX99bWiWiqwgIzZvMIJz9xrrjq4fSBfLpv7rlop9AST3tToCaoXCdJd_jKtbxcGBbpTGeI0gancYE4DpUW4d5Umb5xzwytyoLPVGf9ICCv_GMSSMH1JW_-ocHAOHndiD6FdGbXQZ71CpRQLhDtL_B2girWfpM_XafvNPAZY37fv18BjUirmpw8sxcsJTpojUBopbo.WMDKTEYWLeuxs_lcU0n0a63HII0je2qytJVl4PjFg9o&dib_tag=se&keywords=laptops+baratas&qid=1774123485&sprefix=laptops+baratas%2Caps%2C282&sr=8-13","(7)","100+ comprados el mes pasado","Precio y página del producto","","US$358.99","US$","358",".","99","Entrega el","jue, 30 de abr","Se envía a Venezuela","","","Típico:","Solo queda(n) 14 en stock (hay más unidades en camino).","","","","","","","","Agregar al carrito","Típico: US$459.99","US$459.99","US$459.99"
"","HP Laptop Chromebook 14, Intel Celeron N4120, 4 GB de RAM, 64 GB eMMC, pantalla HD de 14 pulgadas, Chrome OS, diseño delgado, gráficos 4K, batería de larga duración, teclado gris ceniza (14a-na0226nr","https://www.amazon.com/-/es/HP-Chromebook-pantalla-pulgadas-14a-na0226nr/dp/B09SVSBVP1/ref=sr_1_14?__mk_es_US=%C3%85M%C3%85%C5%BD%C3%95%C3%91&crid=3A1LPI65I0BKK&dib=eyJ2IjoiMSJ9.V9NRDmz2C36jsRuK95wmkN8ahy7Vpqj-KIXayMiX99bWiWiqwgIzZvMIJz9xrrjq4fSBfLpv7rlop9AST3tToCaoXCdJd_jKtbxcGBbpTGeI0gancYE4DpUW4d5Umb5xzwytyoLPVGf9ICCv_GMSSMH1JW_-ocHAOHndiD6FdGbXQZ71CpRQLhDtL_B2girWfpM_XafvNPAZY37fv18BjUirmpw8sxcsJTpojUBopbo.WMDKTEYWLeuxs_lcU0n0a63HII0je2qytJVl4PjFg9o&dib_tag=se&keywords=laptops+baratas&qid=1774123485&sprefix=laptops+baratas%2Caps%2C282&sr=8-14","https://m.media-amazon.com/images/I/71tXLOE7wIL._AC_UY218_.jpg","","","US$125.99","","https://www.amazon.com/-/es/HP-Chromebook-pantalla-pulgadas-14a-na0226nr/dp/B09SVSBVP1/ref=sr_1_14?__mk_es_US=%C3%85M%C3%85%C5%BD%C3%95%C3%91&crid=3A1LPI65I0BKK&dib=eyJ2IjoiMSJ9.V9NRDmz2C36jsRuK95wmkN8ahy7Vpqj-KIXayMiX99bWiWiqwgIzZvMIJz9xrrjq4fSBfLpv7rlop9AST3tToCaoXCdJd_jKtbxcGBbpTGeI0gancYE4DpUW4d5Umb5xzwytyoLPVGf9ICCv_GMSSMH1JW_-ocHAOHndiD6FdGbXQZ71CpRQLhDtL_B2girWfpM_XafvNPAZY37fv18BjUirmpw8sxcsJTpojUBopbo.WMDKTEYWLeuxs_lcU0n0a63HII0je2qytJVl4PjFg9o&dib_tag=se&keywords=laptops+baratas&qid=1774123485&sprefix=laptops+baratas%2Caps%2C282&sr=8-14","(4+ ofertas de artículos nuevos y usados)","https://www.amazon.com/-/es/HP-Chromebook-pantalla-pulgadas-14a-na0226nr/dp/B09SVSBVP1/ref=sr_1_14?__mk_es_US=%C3%85M%C3%85%C5%BD%C3%95%C3%91&crid=3A1LPI65I0BKK&dib=eyJ2IjoiMSJ9.V9NRDmz2C36jsRuK95wmkN8ahy7Vpqj-KIXayMiX99bWiWiqwgIzZvMIJz9xrrjq4fSBfLpv7rlop9AST3tToCaoXCdJd_jKtbxcGBbpTGeI0gancYE4DpUW4d5Umb5xzwytyoLPVGf9ICCv_GMSSMH1JW_-ocHAOHndiD6FdGbXQZ71CpRQLhDtL_B2girWfpM_XafvNPAZY37fv18BjUirmpw8sxcsJTpojUBopbo.WMDKTEYWLeuxs_lcU0n0a63HII0je2qytJVl4PjFg9o&dib_tag=se&keywords=laptops+baratas&qid=1774123485&sprefix=laptops+baratas%2Caps%2C282&sr=8-14#customerReviews","4.3","javascript:void(0)","4.3 de 5 estrellas","https://www.amazon.com/-/es/HP-Chromebook-pantalla-pulgadas-14a-na0226nr/dp/B09SVSBVP1/ref=sr_1_14?__mk_es_US=%C3%85M%C3%85%C5%BD%C3%95%C3%91&crid=3A1LPI65I0BKK&dib=eyJ2IjoiMSJ9.V9NRDmz2C36jsRuK95wmkN8ahy7Vpqj-KIXayMiX99bWiWiqwgIzZvMIJz9xrrjq4fSBfLpv7rlop9AST3tToCaoXCdJd_jKtbxcGBbpTGeI0gancYE4DpUW4d5Umb5xzwytyoLPVGf9ICCv_GMSSMH1JW_-ocHAOHndiD6FdGbXQZ71CpRQLhDtL_B2girWfpM_XafvNPAZY37fv18BjUirmpw8sxcsJTpojUBopbo.WMDKTEYWLeuxs_lcU0n0a63HII0je2qytJVl4PjFg9o&dib_tag=se&keywords=laptops+baratas&qid=1774123485&sprefix=laptops+baratas%2Caps%2C282&sr=8-14","(2.8 K)","3 K+ comprados el mes pasado","Precio y página del producto","https://www.amazon.com/-/es/gp/offer-listing/B09SVSBVP1/ref=sr_1_14_olp?keywords=laptops+baratas&crid=3A1LPI65I0BKK&sprefix=laptops+baratas%2Caps%2C282&dib_tag=se&dib=eyJ2IjoiMSJ9.V9NRDmz2C36jsRuK95wmkN8ahy7Vpqj-KIXayMiX99bWiWiqwgIzZvMIJz9xrrjq4fSBfLpv7rlop9AST3tToCaoXCdJd_jKtbxcGBbpTGeI0gancYE4DpUW4d5Umb5xzwytyoLPVGf9ICCv_GMSSMH1JW_-ocHAOHndiD6FdGbXQZ71CpRQLhDtL_B2girWfpM_XafvNPAZY37fv18BjUirmpw8sxcsJTpojUBopbo.WMDKTEYWLeuxs_lcU0n0a63HII0je2qytJVl4PjFg9o&__mk_es_US=%C3%85M%C3%85%C5%BD%C3%95%C3%91&qid=1774123485&sr=8-14","US$182.99","US$","182",".","99","Entrega el","jue, 30 de abr","Se envía a Venezuela","","","Más opciones de compra","","","","","","","","","Agregar al carrito","","",""
"","Laptop de 15.6 pulgadas con Pentium Gold 6500Y (hasta 3.4GHz), 16GB RAM 256GB SSD, 1080P Full HD, USB-C, WiFi 5, BT5.0, computadoras portátiles grises para la escuela, negocios","https://www.amazon.com/-/es/Zrasu-pulgadas-computadoras-port%C3%A1tiles-negocios/dp/B0FNWCCHXT/ref=sr_1_15?__mk_es_US=%C3%85M%C3%85%C5%BD%C3%95%C3%91&crid=3A1LPI65I0BKK&dib=eyJ2IjoiMSJ9.V9NRDmz2C36jsRuK95wmkN8ahy7Vpqj-KIXayMiX99bWiWiqwgIzZvMIJz9xrrjq4fSBfLpv7rlop9AST3tToCaoXCdJd_jKtbxcGBbpTGeI0gancYE4DpUW4d5Umb5xzwytyoLPVGf9ICCv_GMSSMH1JW_-ocHAOHndiD6FdGbXQZ71CpRQLhDtL_B2girWfpM_XafvNPAZY37fv18BjUirmpw8sxcsJTpojUBopbo.WMDKTEYWLeuxs_lcU0n0a63HII0je2qytJVl4PjFg9o&dib_tag=se&keywords=laptops+baratas&qid=1774123485&sprefix=laptops+baratas%2Caps%2C282&sr=8-15","https://m.media-amazon.com/images/I/71mJ8KvW8qL._AC_UY218_.jpg","","","","","https://www.amazon.com/-/es/Zrasu-pulgadas-computadoras-port%C3%A1tiles-negocios/dp/B0FNWCCHXT/ref=sr_1_15?__mk_es_US=%C3%85M%C3%85%C5%BD%C3%95%C3%91&crid=3A1LPI65I0BKK&dib=eyJ2IjoiMSJ9.V9NRDmz2C36jsRuK95wmkN8ahy7Vpqj-KIXayMiX99bWiWiqwgIzZvMIJz9xrrjq4fSBfLpv7rlop9AST3tToCaoXCdJd_jKtbxcGBbpTGeI0gancYE4DpUW4d5Umb5xzwytyoLPVGf9ICCv_GMSSMH1JW_-ocHAOHndiD6FdGbXQZ71CpRQLhDtL_B2girWfpM_XafvNPAZY37fv18BjUirmpw8sxcsJTpojUBopbo.WMDKTEYWLeuxs_lcU0n0a63HII0je2qytJVl4PjFg9o&dib_tag=se&keywords=laptops+baratas&qid=1774123485&sprefix=laptops+baratas%2Caps%2C282&sr=8-15","","https://www.amazon.com/-/es/Zrasu-pulgadas-computadoras-port%C3%A1tiles-negocios/dp/B0FNWCCHXT/ref=sr_1_15?__mk_es_US=%C3%85M%C3%85%C5%BD%C3%95%C3%91&crid=3A1LPI65I0BKK&dib=eyJ2IjoiMSJ9.V9NRDmz2C36jsRuK95wmkN8ahy7Vpqj-KIXayMiX99bWiWiqwgIzZvMIJz9xrrjq4fSBfLpv7rlop9AST3tToCaoXCdJd_jKtbxcGBbpTGeI0gancYE4DpUW4d5Umb5xzwytyoLPVGf9ICCv_GMSSMH1JW_-ocHAOHndiD6FdGbXQZ71CpRQLhDtL_B2girWfpM_XafvNPAZY37fv18BjUirmpw8sxcsJTpojUBopbo.WMDKTEYWLeuxs_lcU0n0a63HII0je2qytJVl4PjFg9o&dib_tag=se&keywords=laptops+baratas&qid=1774123485&sprefix=laptops+baratas%2Caps%2C282&sr=8-15#customerReviews","4.4","javascript:void(0)","4.4 de 5 estrellas","https://www.amazon.com/-/es/Zrasu-pulgadas-computadoras-port%C3%A1tiles-negocios/dp/B0FNWCCHXT/ref=sr_1_15?__mk_es_US=%C3%85M%C3%85%C5%BD%C3%95%C3%91&crid=3A1LPI65I0BKK&dib=eyJ2IjoiMSJ9.V9NRDmz2C36jsRuK95wmkN8ahy7Vpqj-KIXayMiX99bWiWiqwgIzZvMIJz9xrrjq4fSBfLpv7rlop9AST3tToCaoXCdJd_jKtbxcGBbpTGeI0gancYE4DpUW4d5Umb5xzwytyoLPVGf9ICCv_GMSSMH1JW_-ocHAOHndiD6FdGbXQZ71CpRQLhDtL_B2girWfpM_XafvNPAZY37fv18BjUirmpw8sxcsJTpojUBopbo.WMDKTEYWLeuxs_lcU0n0a63HII0je2qytJVl4PjFg9o&dib_tag=se&keywords=laptops+baratas&qid=1774123485&sprefix=laptops+baratas%2Caps%2C282&sr=8-15","(40)","300+ comprados el mes pasado","Precio y página del producto","","US$259.00","US$","259",".","00","Entrega el","jue, 30 de abr","Se envía a Venezuela","","","PVPR:","","","","","","","","","Agregar al carrito","PVPR: US$299.00","US$299.00","US$299.00"
"Características de sostenibilidad","Lenovo IdeaPad 3i Chromebook, pantalla FHD de 15.6"", Intel Celeron N4500, 8 GB de RAM, 64 GB eMMC, 1920 x 1080 px, cámara de 720p, Chrome OS, azul abismo","https://www.amazon.com/-/es/Lenovo-IdeaPad-Chromebook-pantalla-Celeron/dp/B0BSJ46KY9/ref=sr_1_16?__mk_es_US=%C3%85M%C3%85%C5%BD%C3%95%C3%91&crid=3A1LPI65I0BKK&dib=eyJ2IjoiMSJ9.V9NRDmz2C36jsRuK95wmkN8ahy7Vpqj-KIXayMiX99bWiWiqwgIzZvMIJz9xrrjq4fSBfLpv7rlop9AST3tToCaoXCdJd_jKtbxcGBbpTGeI0gancYE4DpUW4d5Umb5xzwytyoLPVGf9ICCv_GMSSMH1JW_-ocHAOHndiD6FdGbXQZ71CpRQLhDtL_B2girWfpM_XafvNPAZY37fv18BjUirmpw8sxcsJTpojUBopbo.WMDKTEYWLeuxs_lcU0n0a63HII0je2qytJVl4PjFg9o&dib_tag=se&keywords=laptops+baratas&qid=1774123485&sprefix=laptops+baratas%2Caps%2C282&sr=8-16","https://m.media-amazon.com/images/I/71bwzCMcQvL._AC_UY218_.jpg","","","US$210.99","","https://www.amazon.com/-/es/Lenovo-IdeaPad-Chromebook-pantalla-Celeron/dp/B0BSJ46KY9/ref=sr_1_16?__mk_es_US=%C3%85M%C3%85%C5%BD%C3%95%C3%91&crid=3A1LPI65I0BKK&dib=eyJ2IjoiMSJ9.V9NRDmz2C36jsRuK95wmkN8ahy7Vpqj-KIXayMiX99bWiWiqwgIzZvMIJz9xrrjq4fSBfLpv7rlop9AST3tToCaoXCdJd_jKtbxcGBbpTGeI0gancYE4DpUW4d5Umb5xzwytyoLPVGf9ICCv_GMSSMH1JW_-ocHAOHndiD6FdGbXQZ71CpRQLhDtL_B2girWfpM_XafvNPAZY37fv18BjUirmpw8sxcsJTpojUBopbo.WMDKTEYWLeuxs_lcU0n0a63HII0je2qytJVl4PjFg9o&dib_tag=se&keywords=laptops+baratas&qid=1774123485&sprefix=laptops+baratas%2Caps%2C282&sr=8-16","(5 ofertas de artículos nuevos y usados)","https://www.amazon.com/-/es/Lenovo-IdeaPad-Chromebook-pantalla-Celeron/dp/B0BSJ46KY9/ref=sr_1_16?__mk_es_US=%C3%85M%C3%85%C5%BD%C3%95%C3%91&crid=3A1LPI65I0BKK&dib=eyJ2IjoiMSJ9.V9NRDmz2C36jsRuK95wmkN8ahy7Vpqj-KIXayMiX99bWiWiqwgIzZvMIJz9xrrjq4fSBfLpv7rlop9AST3tToCaoXCdJd_jKtbxcGBbpTGeI0gancYE4DpUW4d5Umb5xzwytyoLPVGf9ICCv_GMSSMH1JW_-ocHAOHndiD6FdGbXQZ71CpRQLhDtL_B2girWfpM_XafvNPAZY37fv18BjUirmpw8sxcsJTpojUBopbo.WMDKTEYWLeuxs_lcU0n0a63HII0je2qytJVl4PjFg9o&dib_tag=se&keywords=laptops+baratas&qid=1774123485&sprefix=laptops+baratas%2Caps%2C282&sr=8-16#customerReviews","4.3","javascript:void(0)","4.3 de 5 estrellas","https://www.amazon.com/-/es/Lenovo-IdeaPad-Chromebook-pantalla-Celeron/dp/B0BSJ46KY9/ref=sr_1_16?__mk_es_US=%C3%85M%C3%85%C5%BD%C3%95%C3%91&crid=3A1LPI65I0BKK&dib=eyJ2IjoiMSJ9.V9NRDmz2C36jsRuK95wmkN8ahy7Vpqj-KIXayMiX99bWiWiqwgIzZvMIJz9xrrjq4fSBfLpv7rlop9AST3tToCaoXCdJd_jKtbxcGBbpTGeI0gancYE4DpUW4d5Umb5xzwytyoLPVGf9ICCv_GMSSMH1JW_-ocHAOHndiD6FdGbXQZ71CpRQLhDtL_B2girWfpM_XafvNPAZY37fv18BjUirmpw8sxcsJTpojUBopbo.WMDKTEYWLeuxs_lcU0n0a63HII0je2qytJVl4PjFg9o&dib_tag=se&keywords=laptops+baratas&qid=1774123485&sprefix=laptops+baratas%2Caps%2C282&sr=8-16","(1.5 K)","2 K+ comprados el mes pasado","Precio y página del producto","javascript:void(0)","US$219.00","US$","219",".","00","Entrega el","jue, 30 de abr","Se envía a Venezuela","https://www.amazon.com/s?k=laptops+baratas&__mk_es_US=%C3%85M%C3%85%C5%BD%C3%95%C3%91&crid=3A1LPI65I0BKK&sprefix=laptops+baratas%2Caps%2C282&ref=nb_sb_noss_1#","https://m.media-amazon.com/images/I/11++B3A2NEL._SS200_.png","Eficiencia energética","Este producto tiene características de sostenibilidad reconocidas por certificaciones confiables.","Ahorra energía en comparación con productos similares.","Como certificado por","https://www.amazon.com/-/es/climatepledgefriendly","ENERGY STAR","Más información sobre ENERGY STAR","ENERGY STAR certifica productos de electrónica y electrodomésticos con base en especificaciones de eficiencia energética establecidas por la EPA estadounidense. El programa ENERGY STAR es administrado por la Agencia de Protección Ambiental de los Estados Unidos (EPA). La EPA establece especificaciones de eficiencia energética para que los fabricantes obtengan la etiqueta ENERGY STAR para sus productos.","https://www.amazon.com/-/es/gp/offer-listing/B0BSJ46KY9/ref=sr_1_16_olp?keywords=laptops+baratas&crid=3A1LPI65I0BKK&sprefix=laptops+baratas%2Caps%2C282&dib_tag=se&dib=eyJ2IjoiMSJ9.V9NRDmz2C36jsRuK95wmkN8ahy7Vpqj-KIXayMiX99bWiWiqwgIzZvMIJz9xrrjq4fSBfLpv7rlop9AST3tToCaoXCdJd_jKtbxcGBbpTGeI0gancYE4DpUW4d5Umb5xzwytyoLPVGf9ICCv_GMSSMH1JW_-ocHAOHndiD6FdGbXQZ71CpRQLhDtL_B2girWfpM_XafvNPAZY37fv18BjUirmpw8sxcsJTpojUBopbo.WMDKTEYWLeuxs_lcU0n0a63HII0je2qytJVl4PjFg9o&__mk_es_US=%C3%85M%C3%85%C5%BD%C3%95%C3%91&qid=1774123485&sr=8-16","Agregar al carrito","","",""
"","HP Chromebook 11A G8 Edición para Educación AMD A4-9120C 4 GB DDR4-1866 SDRAM, 32 GB eMMC 11.6 pulgadas WLED HD Webcam SO Chrome (Renovado)","https://www.amazon.com/-/es/HP-Chromebook-Educaci%C3%B3n-A4-9120C-DDR4-1866/dp/B08NHSPCR6/ref=sr_1_17?__mk_es_US=%C3%85M%C3%85%C5%BD%C3%95%C3%91&crid=3A1LPI65I0BKK&dib=eyJ2IjoiMSJ9.V9NRDmz2C36jsRuK95wmkN8ahy7Vpqj-KIXayMiX99bWiWiqwgIzZvMIJz9xrrjq4fSBfLpv7rlop9AST3tToCaoXCdJd_jKtbxcGBbpTGeI0gancYE4DpUW4d5Umb5xzwytyoLPVGf9ICCv_GMSSMH1JW_-ocHAOHndiD6FdGbXQZ71CpRQLhDtL_B2girWfpM_XafvNPAZY37fv18BjUirmpw8sxcsJTpojUBopbo.WMDKTEYWLeuxs_lcU0n0a63HII0je2qytJVl4PjFg9o&dib_tag=se&keywords=laptops+baratas&qid=1774123485&sprefix=laptops+baratas%2Caps%2C282&sr=8-17","https://m.media-amazon.com/images/I/81LUKMXGZJL._AC_UY218_.jpg","","","","","https://www.amazon.com/-/es/HP-Chromebook-Educaci%C3%B3n-A4-9120C-DDR4-1866/dp/B08NHSPCR6/ref=sr_1_17?__mk_es_US=%C3%85M%C3%85%C5%BD%C3%95%C3%91&crid=3A1LPI65I0BKK&dib=eyJ2IjoiMSJ9.V9NRDmz2C36jsRuK95wmkN8ahy7Vpqj-KIXayMiX99bWiWiqwgIzZvMIJz9xrrjq4fSBfLpv7rlop9AST3tToCaoXCdJd_jKtbxcGBbpTGeI0gancYE4DpUW4d5Umb5xzwytyoLPVGf9ICCv_GMSSMH1JW_-ocHAOHndiD6FdGbXQZ71CpRQLhDtL_B2girWfpM_XafvNPAZY37fv18BjUirmpw8sxcsJTpojUBopbo.WMDKTEYWLeuxs_lcU0n0a63HII0je2qytJVl4PjFg9o&dib_tag=se&keywords=laptops+baratas&qid=1774123485&sprefix=laptops+baratas%2Caps%2C282&sr=8-17","","https://www.amazon.com/-/es/HP-Chromebook-Educaci%C3%B3n-A4-9120C-DDR4-1866/dp/B08NHSPCR6/ref=sr_1_17?__mk_es_US=%C3%85M%C3%85%C5%BD%C3%95%C3%91&crid=3A1LPI65I0BKK&dib=eyJ2IjoiMSJ9.V9NRDmz2C36jsRuK95wmkN8ahy7Vpqj-KIXayMiX99bWiWiqwgIzZvMIJz9xrrjq4fSBfLpv7rlop9AST3tToCaoXCdJd_jKtbxcGBbpTGeI0gancYE4DpUW4d5Umb5xzwytyoLPVGf9ICCv_GMSSMH1JW_-ocHAOHndiD6FdGbXQZ71CpRQLhDtL_B2girWfpM_XafvNPAZY37fv18BjUirmpw8sxcsJTpojUBopbo.WMDKTEYWLeuxs_lcU0n0a63HII0je2qytJVl4PjFg9o&dib_tag=se&keywords=laptops+baratas&qid=1774123485&sprefix=laptops+baratas%2Caps%2C282&sr=8-17#customerReviews","4.1","javascript:void(0)","4.1 de 5 estrellas","","(1.1 K)","500+ comprados el mes pasado","","","","","","","","","","","","","","","","","","","","","","","","",""
"","Laptop HP Stream 14"" HD BrightView, Intel Celeron N150, 16 GB de RAM, 288 GB de almacenamiento (128 GB eMMC + 160 GB conjunto de estación de acoplamiento), gráficos Intel UHD, cámara web 720p, Wi-Fi","https://www.amazon.com/-/es/HP-Stream-BrightView-almacenamiento-acoplamiento/dp/B0CZKPF2QH/ref=sr_1_18?__mk_es_US=%C3%85M%C3%85%C5%BD%C3%95%C3%91&crid=3A1LPI65I0BKK&dib=eyJ2IjoiMSJ9.V9NRDmz2C36jsRuK95wmkN8ahy7Vpqj-KIXayMiX99bWiWiqwgIzZvMIJz9xrrjq4fSBfLpv7rlop9AST3tToCaoXCdJd_jKtbxcGBbpTGeI0gancYE4DpUW4d5Umb5xzwytyoLPVGf9ICCv_GMSSMH1JW_-ocHAOHndiD6FdGbXQZ71CpRQLhDtL_B2girWfpM_XafvNPAZY37fv18BjUirmpw8sxcsJTpojUBopbo.WMDKTEYWLeuxs_lcU0n0a63HII0je2qytJVl4PjFg9o&dib_tag=se&keywords=laptops+baratas&qid=1774123485&sprefix=laptops+baratas%2Caps%2C282&sr=8-18","https://m.media-amazon.com/images/I/71bg--zkvSL._AC_UY218_.jpg","","","","","https://www.amazon.com/-/es/HP-Stream-BrightView-almacenamiento-acoplamiento/dp/B0CZKPF2QH/ref=sr_1_18?__mk_es_US=%C3%85M%C3%85%C5%BD%C3%95%C3%91&crid=3A1LPI65I0BKK&dib=eyJ2IjoiMSJ9.V9NRDmz2C36jsRuK95wmkN8ahy7Vpqj-KIXayMiX99bWiWiqwgIzZvMIJz9xrrjq4fSBfLpv7rlop9AST3tToCaoXCdJd_jKtbxcGBbpTGeI0gancYE4DpUW4d5Umb5xzwytyoLPVGf9ICCv_GMSSMH1JW_-ocHAOHndiD6FdGbXQZ71CpRQLhDtL_B2girWfpM_XafvNPAZY37fv18BjUirmpw8sxcsJTpojUBopbo.WMDKTEYWLeuxs_lcU0n0a63HII0je2qytJVl4PjFg9o&dib_tag=se&keywords=laptops+baratas&qid=1774123485&sprefix=laptops+baratas%2Caps%2C282&sr=8-18","","https://www.amazon.com/-/es/HP-Stream-BrightView-almacenamiento-acoplamiento/dp/B0CZKPF2QH/ref=sr_1_18?__mk_es_US=%C3%85M%C3%85%C5%BD%C3%95%C3%91&crid=3A1LPI65I0BKK&dib=eyJ2IjoiMSJ9.V9NRDmz2C36jsRuK95wmkN8ahy7Vpqj-KIXayMiX99bWiWiqwgIzZvMIJz9xrrjq4fSBfLpv7rlop9AST3tToCaoXCdJd_jKtbxcGBbpTGeI0gancYE4DpUW4d5Umb5xzwytyoLPVGf9ICCv_GMSSMH1JW_-ocHAOHndiD6FdGbXQZ71CpRQLhDtL_B2girWfpM_XafvNPAZY37fv18BjUirmpw8sxcsJTpojUBopbo.WMDKTEYWLeuxs_lcU0n0a63HII0je2qytJVl4PjFg9o&dib_tag=se&keywords=laptops+baratas&qid=1774123485&sprefix=laptops+baratas%2Caps%2C282&sr=8-18#customerReviews","4.2","javascript:void(0)","4.2 de 5 estrellas","https://www.amazon.com/-/es/HP-Stream-BrightView-almacenamiento-acoplamiento/dp/B0CZKPF2QH/ref=sr_1_18?__mk_es_US=%C3%85M%C3%85%C5%BD%C3%95%C3%91&crid=3A1LPI65I0BKK&dib=eyJ2IjoiMSJ9.V9NRDmz2C36jsRuK95wmkN8ahy7Vpqj-KIXayMiX99bWiWiqwgIzZvMIJz9xrrjq4fSBfLpv7rlop9AST3tToCaoXCdJd_jKtbxcGBbpTGeI0gancYE4DpUW4d5Umb5xzwytyoLPVGf9ICCv_GMSSMH1JW_-ocHAOHndiD6FdGbXQZ71CpRQLhDtL_B2girWfpM_XafvNPAZY37fv18BjUirmpw8sxcsJTpojUBopbo.WMDKTEYWLeuxs_lcU0n0a63HII0je2qytJVl4PjFg9o&dib_tag=se&keywords=laptops+baratas&qid=1774123485&sprefix=laptops+baratas%2Caps%2C282&sr=8-18","(1.5 K)","200+ comprados el mes pasado","Precio y página del producto","","US$359.00","US$","359",".","00","Entrega el","jue, 30 de abr","Se envía a Venezuela","","","PVPR:","","","","","","","","","Agregar al carrito","PVPR: US$549.00","US$549.00","US$549.00"
"","Computadora portátil de 14 pulgadas, 8 GB DDR4 RAM 128 GB SSD, procesador de 4 núcleos (hasta 2.9 GHz), PC portátil delgada y portátil, Win11 Pro, WiFi, BT4.2","https://www.amazon.com/-/es/MARGOLAI-Computadora-port%C3%A1til-pulgadas-procesador/dp/B0D8B4C665/ref=sr_1_19?__mk_es_US=%C3%85M%C3%85%C5%BD%C3%95%C3%91&crid=3A1LPI65I0BKK&dib=eyJ2IjoiMSJ9.V9NRDmz2C36jsRuK95wmkN8ahy7Vpqj-KIXayMiX99bWiWiqwgIzZvMIJz9xrrjq4fSBfLpv7rlop9AST3tToCaoXCdJd_jKtbxcGBbpTGeI0gancYE4DpUW4d5Umb5xzwytyoLPVGf9ICCv_GMSSMH1JW_-ocHAOHndiD6FdGbXQZ71CpRQLhDtL_B2girWfpM_XafvNPAZY37fv18BjUirmpw8sxcsJTpojUBopbo.WMDKTEYWLeuxs_lcU0n0a63HII0je2qytJVl4PjFg9o&dib_tag=se&keywords=laptops+baratas&qid=1774123485&sprefix=laptops+baratas%2Caps%2C282&sr=8-19","https://m.media-amazon.com/images/I/61xvs4SEOvL._AC_UY218_.jpg","","","","","https://www.amazon.com/-/es/MARGOLAI-Computadora-port%C3%A1til-pulgadas-procesador/dp/B0D8B4C665/ref=sr_1_19?__mk_es_US=%C3%85M%C3%85%C5%BD%C3%95%C3%91&crid=3A1LPI65I0BKK&dib=eyJ2IjoiMSJ9.V9NRDmz2C36jsRuK95wmkN8ahy7Vpqj-KIXayMiX99bWiWiqwgIzZvMIJz9xrrjq4fSBfLpv7rlop9AST3tToCaoXCdJd_jKtbxcGBbpTGeI0gancYE4DpUW4d5Umb5xzwytyoLPVGf9ICCv_GMSSMH1JW_-ocHAOHndiD6FdGbXQZ71CpRQLhDtL_B2girWfpM_XafvNPAZY37fv18BjUirmpw8sxcsJTpojUBopbo.WMDKTEYWLeuxs_lcU0n0a63HII0je2qytJVl4PjFg9o&dib_tag=se&keywords=laptops+baratas&qid=1774123485&sprefix=laptops+baratas%2Caps%2C282&sr=8-19","","https://www.amazon.com/-/es/MARGOLAI-Computadora-port%C3%A1til-pulgadas-procesador/dp/B0D8B4C665/ref=sr_1_19?__mk_es_US=%C3%85M%C3%85%C5%BD%C3%95%C3%91&crid=3A1LPI65I0BKK&dib=eyJ2IjoiMSJ9.V9NRDmz2C36jsRuK95wmkN8ahy7Vpqj-KIXayMiX99bWiWiqwgIzZvMIJz9xrrjq4fSBfLpv7rlop9AST3tToCaoXCdJd_jKtbxcGBbpTGeI0gancYE4DpUW4d5Umb5xzwytyoLPVGf9ICCv_GMSSMH1JW_-ocHAOHndiD6FdGbXQZ71CpRQLhDtL_B2girWfpM_XafvNPAZY37fv18BjUirmpw8sxcsJTpojUBopbo.WMDKTEYWLeuxs_lcU0n0a63HII0je2qytJVl4PjFg9o&dib_tag=se&keywords=laptops+baratas&qid=1774123485&sprefix=laptops+baratas%2Caps%2C282&sr=8-19#customerReviews","4.3","javascript:void(0)","4.3 de 5 estrellas","https://www.amazon.com/-/es/MARGOLAI-Computadora-port%C3%A1til-pulgadas-procesador/dp/B0D8B4C665/ref=sr_1_19?__mk_es_US=%C3%85M%C3%85%C5%BD%C3%95%C3%91&crid=3A1LPI65I0BKK&dib=eyJ2IjoiMSJ9.V9NRDmz2C36jsRuK95wmkN8ahy7Vpqj-KIXayMiX99bWiWiqwgIzZvMIJz9xrrjq4fSBfLpv7rlop9AST3tToCaoXCdJd_jKtbxcGBbpTGeI0gancYE4DpUW4d5Umb5xzwytyoLPVGf9ICCv_GMSSMH1JW_-ocHAOHndiD6FdGbXQZ71CpRQLhDtL_B2girWfpM_XafvNPAZY37fv18BjUirmpw8sxcsJTpojUBopbo.WMDKTEYWLeuxs_lcU0n0a63HII0je2qytJVl4PjFg9o&dib_tag=se&keywords=laptops+baratas&qid=1774123485&sprefix=laptops+baratas%2Caps%2C282&sr=8-19","(33)","Solo queda(n) 9 en stock (hay más unidades en camino).","Precio y página del producto","","US$189.99","US$","189",".","99","Entrega el","jue, 30 de abr","Se envía a Venezuela","","","","","","","","","","","","Agregar al carrito","","",""
"","HP Stream 14"" Laptop HD BrightView de 14 pulgadas, Procesador Intel N150, 16 GB de RAM, 416 GB de almacenamiento (128 GB eMMC + 288 GB conjunto de estación de acoplamiento), gráficos Intel UHD, cámara","https://www.amazon.com/-/es/HP-Stream-14-almacenamiento-acoplamiento/dp/B0DC6KMWJS/ref=sr_1_20?__mk_es_US=%C3%85M%C3%85%C5%BD%C3%95%C3%91&crid=3A1LPI65I0BKK&dib=eyJ2IjoiMSJ9.V9NRDmz2C36jsRuK95wmkN8ahy7Vpqj-KIXayMiX99bWiWiqwgIzZvMIJz9xrrjq4fSBfLpv7rlop9AST3tToCaoXCdJd_jKtbxcGBbpTGeI0gancYE4DpUW4d5Umb5xzwytyoLPVGf9ICCv_GMSSMH1JW_-ocHAOHndiD6FdGbXQZ71CpRQLhDtL_B2girWfpM_XafvNPAZY37fv18BjUirmpw8sxcsJTpojUBopbo.WMDKTEYWLeuxs_lcU0n0a63HII0je2qytJVl4PjFg9o&dib_tag=se&keywords=laptops+baratas&qid=1774123485&sprefix=laptops+baratas%2Caps%2C282&sr=8-20","https://m.media-amazon.com/images/I/71M0XnAX3qL._AC_UY218_.jpg","","","","","https://www.amazon.com/-/es/HP-Stream-14-almacenamiento-acoplamiento/dp/B0DC6KMWJS/ref=sr_1_20?__mk_es_US=%C3%85M%C3%85%C5%BD%C3%95%C3%91&crid=3A1LPI65I0BKK&dib=eyJ2IjoiMSJ9.V9NRDmz2C36jsRuK95wmkN8ahy7Vpqj-KIXayMiX99bWiWiqwgIzZvMIJz9xrrjq4fSBfLpv7rlop9AST3tToCaoXCdJd_jKtbxcGBbpTGeI0gancYE4DpUW4d5Umb5xzwytyoLPVGf9ICCv_GMSSMH1JW_-ocHAOHndiD6FdGbXQZ71CpRQLhDtL_B2girWfpM_XafvNPAZY37fv18BjUirmpw8sxcsJTpojUBopbo.WMDKTEYWLeuxs_lcU0n0a63HII0je2qytJVl4PjFg9o&dib_tag=se&keywords=laptops+baratas&qid=1774123485&sprefix=laptops+baratas%2Caps%2C282&sr=8-20","","https://www.amazon.com/-/es/HP-Stream-14-almacenamiento-acoplamiento/dp/B0DC6KMWJS/ref=sr_1_20?__mk_es_US=%C3%85M%C3%85%C5%BD%C3%95%C3%91&crid=3A1LPI65I0BKK&dib=eyJ2IjoiMSJ9.V9NRDmz2C36jsRuK95wmkN8ahy7Vpqj-KIXayMiX99bWiWiqwgIzZvMIJz9xrrjq4fSBfLpv7rlop9AST3tToCaoXCdJd_jKtbxcGBbpTGeI0gancYE4DpUW4d5Umb5xzwytyoLPVGf9ICCv_GMSSMH1JW_-ocHAOHndiD6FdGbXQZ71CpRQLhDtL_B2girWfpM_XafvNPAZY37fv18BjUirmpw8sxcsJTpojUBopbo.WMDKTEYWLeuxs_lcU0n0a63HII0je2qytJVl4PjFg9o&dib_tag=se&keywords=laptops+baratas&qid=1774123485&sprefix=laptops+baratas%2Caps%2C282&sr=8-20#customerReviews","4.5","javascript:void(0)","4.5 de 5 estrellas","https://www.amazon.com/-/es/HP-Stream-14-almacenamiento-acoplamiento/dp/B0DC6KMWJS/ref=sr_1_20?__mk_es_US=%C3%85M%C3%85%C5%BD%C3%95%C3%91&crid=3A1LPI65I0BKK&dib=eyJ2IjoiMSJ9.V9NRDmz2C36jsRuK95wmkN8ahy7Vpqj-KIXayMiX99bWiWiqwgIzZvMIJz9xrrjq4fSBfLpv7rlop9AST3tToCaoXCdJd_jKtbxcGBbpTGeI0gancYE4DpUW4d5Umb5xzwytyoLPVGf9ICCv_GMSSMH1JW_-ocHAOHndiD6FdGbXQZ71CpRQLhDtL_B2girWfpM_XafvNPAZY37fv18BjUirmpw8sxcsJTpojUBopbo.WMDKTEYWLeuxs_lcU0n0a63HII0je2qytJVl4PjFg9o&dib_tag=se&keywords=laptops+baratas&qid=1774123485&sprefix=laptops+baratas%2Caps%2C282&sr=8-20","(452)","400+ comprados el mes pasado","Precio y página del producto","","US$359.00","US$","359",".","00","Entrega el","jue, 30 de abr","Se envía a Venezuela","","","PVPR:","","","","","","","","","Agregar al carrito","PVPR: US$549.00","US$549.00","US$549.00"
"","HP Laptop Chromebook HD de 14 pulgadas para estudiantes, Intel Quad-Core N4120 (> N4020), 4 GB de RAM, 64 GB eMMC, WiFi, cámara web, HDMI, USB-A y C, 14 horas de duración de la batería, ZOOM, Chrome","https://www.amazon.com/-/es/HP-Chromebook-pulgadas-estudiantes-Quad-Core/dp/B0C8171GTK/ref=sr_1_21?__mk_es_US=%C3%85M%C3%85%C5%BD%C3%95%C3%91&crid=3A1LPI65I0BKK&dib=eyJ2IjoiMSJ9.V9NRDmz2C36jsRuK95wmkN8ahy7Vpqj-KIXayMiX99bWiWiqwgIzZvMIJz9xrrjq4fSBfLpv7rlop9AST3tToCaoXCdJd_jKtbxcGBbpTGeI0gancYE4DpUW4d5Umb5xzwytyoLPVGf9ICCv_GMSSMH1JW_-ocHAOHndiD6FdGbXQZ71CpRQLhDtL_B2girWfpM_XafvNPAZY37fv18BjUirmpw8sxcsJTpojUBopbo.WMDKTEYWLeuxs_lcU0n0a63HII0je2qytJVl4PjFg9o&dib_tag=se&keywords=laptops+baratas&qid=1774123485&sprefix=laptops+baratas%2Caps%2C282&sr=8-21","https://m.media-amazon.com/images/I/61s595ANBTL._AC_UY218_.jpg","","","US$149.99","","https://www.amazon.com/-/es/HP-Chromebook-pulgadas-estudiantes-Quad-Core/dp/B0C8171GTK/ref=sr_1_21?__mk_es_US=%C3%85M%C3%85%C5%BD%C3%95%C3%91&crid=3A1LPI65I0BKK&dib=eyJ2IjoiMSJ9.V9NRDmz2C36jsRuK95wmkN8ahy7Vpqj-KIXayMiX99bWiWiqwgIzZvMIJz9xrrjq4fSBfLpv7rlop9AST3tToCaoXCdJd_jKtbxcGBbpTGeI0gancYE4DpUW4d5Umb5xzwytyoLPVGf9ICCv_GMSSMH1JW_-ocHAOHndiD6FdGbXQZ71CpRQLhDtL_B2girWfpM_XafvNPAZY37fv18BjUirmpw8sxcsJTpojUBopbo.WMDKTEYWLeuxs_lcU0n0a63HII0je2qytJVl4PjFg9o&dib_tag=se&keywords=laptops+baratas&qid=1774123485&sprefix=laptops+baratas%2Caps%2C282&sr=8-21","(35 ofertas de artículos nuevos y usados)","https://www.amazon.com/-/es/HP-Chromebook-pulgadas-estudiantes-Quad-Core/dp/B0C8171GTK/ref=sr_1_21?__mk_es_US=%C3%85M%C3%85%C5%BD%C3%95%C3%91&crid=3A1LPI65I0BKK&dib=eyJ2IjoiMSJ9.V9NRDmz2C36jsRuK95wmkN8ahy7Vpqj-KIXayMiX99bWiWiqwgIzZvMIJz9xrrjq4fSBfLpv7rlop9AST3tToCaoXCdJd_jKtbxcGBbpTGeI0gancYE4DpUW4d5Umb5xzwytyoLPVGf9ICCv_GMSSMH1JW_-ocHAOHndiD6FdGbXQZ71CpRQLhDtL_B2girWfpM_XafvNPAZY37fv18BjUirmpw8sxcsJTpojUBopbo.WMDKTEYWLeuxs_lcU0n0a63HII0je2qytJVl4PjFg9o&dib_tag=se&keywords=laptops+baratas&qid=1774123485&sprefix=laptops+baratas%2Caps%2C282&sr=8-21#customerReviews","4.6","javascript:void(0)","4.6 de 5 estrellas","https://www.amazon.com/-/es/HP-Chromebook-pulgadas-estudiantes-Quad-Core/dp/B0C8171GTK/ref=sr_1_21?__mk_es_US=%C3%85M%C3%85%C5%BD%C3%95%C3%91&crid=3A1LPI65I0BKK&dib=eyJ2IjoiMSJ9.V9NRDmz2C36jsRuK95wmkN8ahy7Vpqj-KIXayMiX99bWiWiqwgIzZvMIJz9xrrjq4fSBfLpv7rlop9AST3tToCaoXCdJd_jKtbxcGBbpTGeI0gancYE4DpUW4d5Umb5xzwytyoLPVGf9ICCv_GMSSMH1JW_-ocHAOHndiD6FdGbXQZ71CpRQLhDtL_B2girWfpM_XafvNPAZY37fv18BjUirmpw8sxcsJTpojUBopbo.WMDKTEYWLeuxs_lcU0n0a63HII0je2qytJVl4PjFg9o&dib_tag=se&keywords=laptops+baratas&qid=1774123485&sprefix=laptops+baratas%2Caps%2C282&sr=8-21","(215)","500+ comprados el mes pasado","Precio y página del producto","https://www.amazon.com/-/es/gp/offer-listing/B0C8171GTK/ref=sr_1_21_olp?keywords=laptops+baratas&crid=3A1LPI65I0BKK&sprefix=laptops+baratas%2Caps%2C282&dib_tag=se&dib=eyJ2IjoiMSJ9.V9NRDmz2C36jsRuK95wmkN8ahy7Vpqj-KIXayMiX99bWiWiqwgIzZvMIJz9xrrjq4fSBfLpv7rlop9AST3tToCaoXCdJd_jKtbxcGBbpTGeI0gancYE4DpUW4d5Umb5xzwytyoLPVGf9ICCv_GMSSMH1JW_-ocHAOHndiD6FdGbXQZ71CpRQLhDtL_B2girWfpM_XafvNPAZY37fv18BjUirmpw8sxcsJTpojUBopbo.WMDKTEYWLeuxs_lcU0n0a63HII0je2qytJVl4PjFg9o&__mk_es_US=%C3%85M%C3%85%C5%BD%C3%95%C3%91&qid=1774123485&sr=8-21","US$162.77","US$","162",".","77","Entrega entre el","9 de abr - 8 de may","Se envía a Venezuela","","","Más opciones de compra","","","","","","","","","Agregar al carrito","","",""
"","HP Laptop Stream HD de 14 pulgadas, procesador Intel Celeron, memoria de 4 GB, almacenamiento eMMC de 64 GB, carga rápida, HDMI, batería de hasta 11 horas de duración, Office 365 1 año, Win 11 S","https://www.amazon.com/-/es/HP-Laptop-pulgadas-procesador-almacenamiento/dp/B0C5S8626M/ref=sr_1_22?__mk_es_US=%C3%85M%C3%85%C5%BD%C3%95%C3%91&crid=3A1LPI65I0BKK&dib=eyJ2IjoiMSJ9.V9NRDmz2C36jsRuK95wmkN8ahy7Vpqj-KIXayMiX99bWiWiqwgIzZvMIJz9xrrjq4fSBfLpv7rlop9AST3tToCaoXCdJd_jKtbxcGBbpTGeI0gancYE4DpUW4d5Umb5xzwytyoLPVGf9ICCv_GMSSMH1JW_-ocHAOHndiD6FdGbXQZ71CpRQLhDtL_B2girWfpM_XafvNPAZY37fv18BjUirmpw8sxcsJTpojUBopbo.WMDKTEYWLeuxs_lcU0n0a63HII0je2qytJVl4PjFg9o&dib_tag=se&keywords=laptops+baratas&qid=1774123485&sprefix=laptops+baratas%2Caps%2C282&sr=8-22","https://m.media-amazon.com/images/I/51qhN7a-AgL._AC_UY218_.jpg","","","US$151.99","","https://www.amazon.com/-/es/HP-Laptop-pulgadas-procesador-almacenamiento/dp/B0C5S8626M/ref=sr_1_22?__mk_es_US=%C3%85M%C3%85%C5%BD%C3%95%C3%91&crid=3A1LPI65I0BKK&dib=eyJ2IjoiMSJ9.V9NRDmz2C36jsRuK95wmkN8ahy7Vpqj-KIXayMiX99bWiWiqwgIzZvMIJz9xrrjq4fSBfLpv7rlop9AST3tToCaoXCdJd_jKtbxcGBbpTGeI0gancYE4DpUW4d5Umb5xzwytyoLPVGf9ICCv_GMSSMH1JW_-ocHAOHndiD6FdGbXQZ71CpRQLhDtL_B2girWfpM_XafvNPAZY37fv18BjUirmpw8sxcsJTpojUBopbo.WMDKTEYWLeuxs_lcU0n0a63HII0je2qytJVl4PjFg9o&dib_tag=se&keywords=laptops+baratas&qid=1774123485&sprefix=laptops+baratas%2Caps%2C282&sr=8-22","(5+ ofertas de artículos nuevos y usados)","https://www.amazon.com/-/es/HP-Laptop-pulgadas-procesador-almacenamiento/dp/B0C5S8626M/ref=sr_1_22?__mk_es_US=%C3%85M%C3%85%C5%BD%C3%95%C3%91&crid=3A1LPI65I0BKK&dib=eyJ2IjoiMSJ9.V9NRDmz2C36jsRuK95wmkN8ahy7Vpqj-KIXayMiX99bWiWiqwgIzZvMIJz9xrrjq4fSBfLpv7rlop9AST3tToCaoXCdJd_jKtbxcGBbpTGeI0gancYE4DpUW4d5Umb5xzwytyoLPVGf9ICCv_GMSSMH1JW_-ocHAOHndiD6FdGbXQZ71CpRQLhDtL_B2girWfpM_XafvNPAZY37fv18BjUirmpw8sxcsJTpojUBopbo.WMDKTEYWLeuxs_lcU0n0a63HII0je2qytJVl4PjFg9o&dib_tag=se&keywords=laptops+baratas&qid=1774123485&sprefix=laptops+baratas%2Caps%2C282&sr=8-22#customerReviews","4.2","javascript:void(0)","4.2 de 5 estrellas","https://www.amazon.com/-/es/HP-Laptop-pulgadas-procesador-almacenamiento/dp/B0C5S8626M/ref=sr_1_22?__mk_es_US=%C3%85M%C3%85%C5%BD%C3%95%C3%91&crid=3A1LPI65I0BKK&dib=eyJ2IjoiMSJ9.V9NRDmz2C36jsRuK95wmkN8ahy7Vpqj-KIXayMiX99bWiWiqwgIzZvMIJz9xrrjq4fSBfLpv7rlop9AST3tToCaoXCdJd_jKtbxcGBbpTGeI0gancYE4DpUW4d5Umb5xzwytyoLPVGf9ICCv_GMSSMH1JW_-ocHAOHndiD6FdGbXQZ71CpRQLhDtL_B2girWfpM_XafvNPAZY37fv18BjUirmpw8sxcsJTpojUBopbo.WMDKTEYWLeuxs_lcU0n0a63HII0je2qytJVl4PjFg9o&dib_tag=se&keywords=laptops+baratas&qid=1774123485&sprefix=laptops+baratas%2Caps%2C282&sr=8-22","(182)","100+ comprados el mes pasado","Precio y página del producto","https://www.amazon.com/-/es/gp/offer-listing/B0C5S8626M/ref=sr_1_22_olp?keywords=laptops+baratas&crid=3A1LPI65I0BKK&sprefix=laptops+baratas%2Caps%2C282&dib_tag=se&dib=eyJ2IjoiMSJ9.V9NRDmz2C36jsRuK95wmkN8ahy7Vpqj-KIXayMiX99bWiWiqwgIzZvMIJz9xrrjq4fSBfLpv7rlop9AST3tToCaoXCdJd_jKtbxcGBbpTGeI0gancYE4DpUW4d5Umb5xzwytyoLPVGf9ICCv_GMSSMH1JW_-ocHAOHndiD6FdGbXQZ71CpRQLhDtL_B2girWfpM_XafvNPAZY37fv18BjUirmpw8sxcsJTpojUBopbo.WMDKTEYWLeuxs_lcU0n0a63HII0je2qytJVl4PjFg9o&__mk_es_US=%C3%85M%C3%85%C5%BD%C3%95%C3%91&qid=1774123485&sr=8-22","US$183.99","US$","183",".","99","Entrega entre el","6 - 30 de abr","Se envía a Venezuela","","","Más opciones de compra","","","","","","","","","Agregar al carrito","","",""
"Selecciones de Influencers de Amazon","| De las tiendas de Influencers de Amazon","https://www.amazon.com/s?k=laptops+baratas&__mk_es_US=%C3%85M%C3%85%C5%BD%C3%95%C3%91&crid=3A1LPI65I0BKK&sprefix=laptops+baratas%2Caps%2C282&ref=nb_sb_noss_1#","https://m.media-amazon.com/images/I/712S6q+GQjL._AC_UL320_.jpg","","","","","https://www.amazon.com/-/es/sspa/click?ie=UTF8&spc=MTo4MTM2NDg0MjE0ODAwMjY1OjE3NzQxMjM0ODY6c3Bfc2VhcmNoX3RoZW1hdGljX2J0ZjozMDEyMDM3MjYwMDE2MDI6OjA6Og&url=%2Facer-Copilot-Pantalla-pulgadas-Procesador%2Fdp%2FB0DWNLN3KP%2Fref%3Dsxbs_pa_sp_search_thematic_btf_sspa%3F__mk_es_US%3D%25C3%2585M%25C3%2585%25C5%25BD%25C3%2595%25C3%2591%26content-id%3Damzn1.sym.dfb3aa2e-5bcf-4bf5-85cf-042d9c18e141%253Aamzn1.sym.dfb3aa2e-5bcf-4bf5-85cf-042d9c18e141%26crid%3D3A1LPI65I0BKK%26cv_ct_cx%3Dcheap%2Blaptops%26keywords%3Dlaptops%2Bbaratas%26pd_rd_i%3DB0DWNLN3KP%26pd_rd_r%3Dd6d893f5-f84b-484a-a5b2-a573eeab4705%26pd_rd_w%3DbdfJR%26pd_rd_wg%3DUz9W7%26pf_rd_p%3Ddfb3aa2e-5bcf-4bf5-85cf-042d9c18e141%26pf_rd_r%3DEPD4W7EK5T5NC54GZN5E%26qid%3D1774123485%26sbo%3DRZvfv%252F%252FHxDF%252BO5021pAnSA%253D%253D%26sprefix%3Dlaptops%2Bbaratas%252Caps%252C282%26sr%3D1-1-fb395260-7243-4e30-82ce-3176e35831b6-spons%26aref%3DNLeHcyPdHL%26sp_csd%3Dd2lkZ2V0TmFtZT1zcF9zZWFyY2hfdGhlbWF0aWNfYnRm%26psc%3D1&aref=NLeHcyPdHL","Patrocinado","https://www.amazon.com/-/es/sspa/click?ie=UTF8&spc=MTo4MTM2NDg0MjE0ODAwMjY1OjE3NzQxMjM0ODY6c3Bfc2VhcmNoX3RoZW1hdGljX2J0ZjozMDEyMDM3MjYwMDE2MDI6OjA6Og&url=%2Facer-Copilot-Pantalla-pulgadas-Procesador%2Fdp%2FB0DWNLN3KP%2Fref%3Dsxbs_pa_sp_search_thematic_btf_sspa%3F__mk_es_US%3D%25C3%2585M%25C3%2585%25C5%25BD%25C3%2595%25C3%2591%26content-id%3Damzn1.sym.dfb3aa2e-5bcf-4bf5-85cf-042d9c18e141%253Aamzn1.sym.dfb3aa2e-5bcf-4bf5-85cf-042d9c18e141%26crid%3D3A1LPI65I0BKK%26cv_ct_cx%3Dcheap%2Blaptops%26keywords%3Dlaptops%2Bbaratas%26pd_rd_i%3DB0DWNLN3KP%26pd_rd_r%3Dd6d893f5-f84b-484a-a5b2-a573eeab4705%26pd_rd_w%3DbdfJR%26pd_rd_wg%3DUz9W7%26pf_rd_p%3Ddfb3aa2e-5bcf-4bf5-85cf-042d9c18e141%26pf_rd_r%3DEPD4W7EK5T5NC54GZN5E%26qid%3D1774123485%26sbo%3DRZvfv%252F%252FHxDF%252BO5021pAnSA%253D%253D%26sprefix%3Dlaptops%2Bbaratas%252Caps%252C282%26sr%3D1-1-fb395260-7243-4e30-82ce-3176e35831b6-spons%26aref%3DNLeHcyPdHL%26sp_csd%3Dd2lkZ2V0TmFtZT1zcF9zZWFyY2hfdGhlbWF0aWNfYnRm%26psc%3D1&aref=NLeHcyPdHL","4.3","javascript:void(0)","4.3 de 5 estrellas","https://www.amazon.com/-/es/sspa/click?ie=UTF8&spc=MTo4MTM2NDg0MjE0ODAwMjY1OjE3NzQxMjM0ODY6c3Bfc2VhcmNoX3RoZW1hdGljX2J0ZjozMDEyMDM3MjYwMDE2MDI6OjA6Og&url=%2Facer-Copilot-Pantalla-pulgadas-Procesador%2Fdp%2FB0DWNLN3KP%2Fref%3Dsxbs_pa_sp_search_thematic_btf_sspa%3F__mk_es_US%3D%25C3%2585M%25C3%2585%25C5%25BD%25C3%2595%25C3%2591%26content-id%3Damzn1.sym.dfb3aa2e-5bcf-4bf5-85cf-042d9c18e141%253Aamzn1.sym.dfb3aa2e-5bcf-4bf5-85cf-042d9c18e141%26crid%3D3A1LPI65I0BKK%26cv_ct_cx%3Dcheap%2Blaptops%26keywords%3Dlaptops%2Bbaratas%26pd_rd_i%3DB0DWNLN3KP%26pd_rd_r%3Dd6d893f5-f84b-484a-a5b2-a573eeab4705%26pd_rd_w%3DbdfJR%26pd_rd_wg%3DUz9W7%26pf_rd_p%3Ddfb3aa2e-5bcf-4bf5-85cf-042d9c18e141%26pf_rd_r%3DEPD4W7EK5T5NC54GZN5E%26qid%3D1774123485%26sbo%3DRZvfv%252F%252FHxDF%252BO5021pAnSA%253D%253D%26sprefix%3Dlaptops%2Bbaratas%252Caps%252C282%26sr%3D1-1-fb395260-7243-4e30-82ce-3176e35831b6-spons%26aref%3DNLeHcyPdHL%26sp_csd%3Dd2lkZ2V0TmFtZT1zcF9zZWFyY2hfdGhlbWF0aWNfYnRm%26psc%3D1&aref=NLeHcyPdHL#customerReviews","(123)","acer Aspire 14 AI Copilot+ PC | Pantalla WUXGA de 14 pulgadas | Procesador Intel Core Ultra 5 de 226 V | NPU: hasta 40 tops - GPU: hasta 53 tops | Intel ARC 130V | 16 GB LPDDR5X | SSD de 512 GB | Wi-Fi 6E | A14-52M-52M-5 1S1","Precio y página del producto","https://www.amazon.com/-/es/sspa/click?ie=UTF8&spc=MTo4MTM2NDg0MjE0ODAwMjY1OjE3NzQxMjM0ODY6c3Bfc2VhcmNoX3RoZW1hdGljX2J0ZjozMDEyMDM3MjYwMDE2MDI6OjA6Og&url=%2Facer-Copilot-Pantalla-pulgadas-Procesador%2Fdp%2FB0DWNLN3KP%2Fref%3Dsxbs_pa_sp_search_thematic_btf_sspa%3F__mk_es_US%3D%25C3%2585M%25C3%2585%25C5%25BD%25C3%2595%25C3%2591%26content-id%3Damzn1.sym.dfb3aa2e-5bcf-4bf5-85cf-042d9c18e141%253Aamzn1.sym.dfb3aa2e-5bcf-4bf5-85cf-042d9c18e141%26crid%3D3A1LPI65I0BKK%26cv_ct_cx%3Dcheap%2Blaptops%26keywords%3Dlaptops%2Bbaratas%26pd_rd_i%3DB0DWNLN3KP%26pd_rd_r%3Dd6d893f5-f84b-484a-a5b2-a573eeab4705%26pd_rd_w%3DbdfJR%26pd_rd_wg%3DUz9W7%26pf_rd_p%3Ddfb3aa2e-5bcf-4bf5-85cf-042d9c18e141%26pf_rd_r%3DEPD4W7EK5T5NC54GZN5E%26qid%3D1774123485%26sbo%3DRZvfv%252F%252FHxDF%252BO5021pAnSA%253D%253D%26sprefix%3Dlaptops%2Bbaratas%252Caps%252C282%26sr%3D1-1-fb395260-7243-4e30-82ce-3176e35831b6-spons%26aref%3DNLeHcyPdHL%26sp_csd%3Dd2lkZ2V0TmFtZT1zcF9zZWFyY2hfdGhlbWF0aWNfYnRm%26psc%3D1&aref=NLeHcyPdHL","US$499.99","US$","499",".","99","Entrega el","jue, 30 de abr","Como certificado por","javascript:void(0)","https://m.media-amazon.com/images/I/11++B3A2NEL._SS200_.png","500+ comprados el mes pasado","Eficiencia energética","Este producto tiene características de sostenibilidad reconocidas por certificaciones confiables.","4.1","https://www.amazon.com/s?k=laptops+baratas&__mk_es_US=%C3%85M%C3%85%C5%BD%C3%95%C3%91&crid=3A1LPI65I0BKK&sprefix=laptops+baratas%2Caps%2C282&ref=nb_sb_noss_1#","Ahorra energía en comparación con productos similares.","Más información sobre ENERGY STAR","ENERGY STAR","https://www.amazon.com/-/es/climatepledgefriendly","Agregar al carrito","US$289.00","US$389.99","US$599.99"
"","","","","","","","","","","","","","","","","","","","","","","","","","","","","","","","","","","","","","","","","",""
"¿Necesitas ayuda?","Visita la sección de ayuda","","","","","","","","","","","","","","","o","","","","","","","","","","","","","contáctanos","","","","","","","","","","","",""
"","","","","","","","","","","","","","","","","","","","","","","","","","","","","","","","","","","","","","","","","",""
"","","","","","","Rufus puede ayudar con esto.","","","","","","","","","","","","","","","","","","","","","","","","","","","","","","","","","","",""